{
  "current_strategy": null,
  "current_state": null,
  "current_city": null,
  "current_locality": "Sevoke Road",
  "current_pincode": null,
  "current_sub_brand": null,
  "states_completed": [],
  "states_fully_completed": [
    "Andhra Pradesh",
    "Arunachal Pradesh",
    "Assam",
    "Bihar",
    "Chandigarh",
    "Chhattisgarh",
    "Delhi",
    "Goa",
    "Gujarat",
    "Haryana",
    "Himachal Pradesh",
    "Jammu And Kashmir",
    "Jharkhand",
    "Karnataka",
    "Kerala",
    "Madhya Pradesh",
    "Maharashtra",
    "Meghalaya",
    "Nagaland",
    "Odisha",
    "Punjab",
    "Rajasthan",
    "Sikkim",
    "Tamil Nadu",
    "Telangana",
    "Uttar Pradesh",
    "Uttarakhand"
  ],
  "locality_fully_completed": [
    "Subash Road",
    "STV Nagar",
    "Labbipet",
    "Patamata",
    "Asilmetta Junction",
    "Midhilapuri Vuda Colony",
    "Resapuvanipalem",
    "Chaitanya Nagar",
    "Lower A sector",
    "Adabari",
    "Christian Basti",
    "Lachitnagar",
    "Six Mile",
    "Lalung Gaon",
    "Boring Road",
    "Lodipur",
    "SP Verma Road",
    "Industrial Area",
    "Sector 35C",
    "GE Road",
    "Vyapar Vihar",
    "Pandri",
    "Shankar Nagar",
    "Adarsh Nagar",
    "Ashok Nagar",
    "Astha Kunj Road",
    "Bhagwan Mahavir Marg",
    "Chandni Chowk",
    "Chattarpur",
    "Connaught Place",
    "Dhaula Kuan",
    "Dwarka",
    "Grand Trunk Road",
    "Hauz Khas",
    "Inderlok",
    "Janakpuri",
    "Jasola",
    "Jawahar Nagar",
    "Kalkaji",
    "Karol Bagh",
    "Kashmeri Gate",
    "Kashmiri Gate",
    "Kirti Nagar",
    "Lajpat Nagar 2",
    "Laxmi Nagar",
    "Mahipalpur",
    "Main Patel Road",
    "Mayur Vihar",
    "Milap Nagar",
    "Model Town",
    "Netaji Subhash Place",
    "Paschim Vihar",
    "Pitampura",
    "Punjabi Bagh",
    "Rajiv Chowk",
    "Rajouri Garden",
    "Road No 44",
    "Saket",
    "Sarita Vihar",
    "Sarojini Nagar",
    "Sector 10, Rohini",
    "Sector 14, Dwarka",
    "Sector 18, Rohini",
    "Sector 22, Dwarka",
    "Sector 3, Rohini",
    "Shahdara",
    "Tagore Garden",
    "Tuda Mandi",
    "Uttam Nagar",
    "Vasant Kunj",
    "Bardez",
    "Chimanlal Girdharlal Road",
    "Memnagar",
    "Nikol",
    "Prahlad Nagar",
    "Sardar Patel Ring Road",
    "Sarkari Vasahat Road",
    "SG Road",
    "Thaltej",
    "Station Road",
    "Sargasan",
    "Mehsana",
    "Ghanshyam Nagar",
    "Adajan",
    "Dumas Road",
    "Katargam",
    "Nana Varachha",
    "Udhna Darwaja",
    "VIP Road",
    "Gorwa",
    "Gotri Vasna Road",
    "Iscon Janmahal",
    "NH 48",
    "OP Road",
    "Sama Savli",
    "Dungri",
    "Golden Quadrilateral",
    "Ambala Mohra",
    "Urban Village Ambala",
    "Parnala",
    "NIT",
    "Sector 12",
    "Sector 20B",
    "Sector 28",
    "Sector 35",
    "Sector 81",
    "Manesar",
    "Sector 109",
    "Sector 10A",
    "Sector 29",
    "Sector 4",
    "Sector 47 & 49",
    "Sector 5",
    "Sector 52",
    "Sector 57",
    "Sector 65",
    "Sector 68",
    "GT Road",
    "Red Sq Mkt",
    "Sampla",
    "Karnal City",
    "Karnal Haveli",
    "Delhi Mumbai Expressway",
    "Sector 20",
    "Sector 9",
    "Circular Road",
    "Delhi Road",
    "Kumaspur",
    "Model Town Yamuna Nagar",
    "Yamuna Nagar",
    "ISBT",
    "Mangoti",
    "Jalgran Tabba",
    "Gandhi Nagar",
    "Narwal Bypass",
    "Katra",
    "Saraidhela",
    "Bistupur",
    "Lalpur",
    "Ratu Road",
    "Banashanka",
    "Bannerghatta Main Road",
    "Bellandur",
    "Betthalusur",
    "Chandapura",
    "Chikkasandra",
    "Commercial Street",
    "Dr Rajkumar Road",
    "Dyvasandra",
    "Gandhi Bazaar",
    "Gopalpura",
    "Hulimavu",
    "Huskur",
    "Indiranagar",
    "Jayanagar",
    "Kaggalipura",
    "Karuna Nagar",
    "Konanakunte",
    "Koramangala",
    "Kothanur",
    "Magadi",
    "Mahadevapura",
    "Mysore Road",
    "New BEL Road",
    "RT Nagar",
    "Sector 6",
    "Swami Vivekananda Road",
    "Thanisandra",
    "Veerasandra Industrial Area",
    "Vidyaranyapura",
    "Vijayanagar",
    "WCR Road",
    "Whitefield",
    "Whitefield Main Road",
    "Yalahanka",
    "Yelahanka",
    "Yelahanka New Town",
    "Chanrayapatna",
    "Perisandra",
    "Hampankatta",
    "Kankanady",
    "Eshwar Nagar",
    "Jayalakshmipuram",
    "Nazarbad",
    "Byrapatna",
    "Infopark Road",
    "Mahatma Gandhi Road",
    "Maradu",
    "Edappally",
    "Anayara",
    "Eanchakkal",
    "Hill Garden Colony",
    "Bagmugaliya",
    "HabibGanj",
    "Indrapuri",
    "MP Nagar",
    "Lashkar",
    "Racecourse Road",
    "Hukhmakhedi",
    "Khajrana",
    "New Palasia",
    "Vijay Nagar",
    "Kansai",
    "Saturna",
    "Chikalthana",
    "Ambernath Badlapur Road",
    "Sarnobatwadi",
    "Andheri East",
    "Andheri West",
    "Bandra West",
    "Borivali E",
    "Borivali East",
    "Chembur West",
    "Dahisar West",
    "Dr Baba Saheb Ambedkar Road",
    "Dr DNA Road",
    "Ganesh Peth",
    "Goregaon West",
    "IMC Marg",
    "International Airport",
    "Janardan Patil Marg",
    "Kalina",
    "Kandivali",
    "Kandivali East",
    "Kurla West",
    "Lal Bahadur Shastri Road",
    "LBS Road",
    "Lowel Parel",
    "New Link Road",
    "Sahar",
    "Sanatacruz West",
    "SG Barve Marg",
    "Western Express Hwy",
    "Byramji Town",
    "Medical Square",
    "Sitabuldi",
    "College Road",
    "Lavate Nagar",
    "Panvel",
    "Sector 1, Nerul",
    "Sector 15",
    "Sector 19D, Vashi",
    "Sector 2, Kharghar",
    "Sector 30A, Vashi",
    "Sector 34E & 35E, Kharghar",
    "Sector 40",
    "Nalasopara East",
    "Chinchwad",
    "Amanora Town Centre",
    "Ambegaon",
    "Fatima Nagar",
    "Haveli",
    "Hingane Khurd",
    "Hinjawadi",
    "Kharadi",
    "Kothrud",
    "Lonavala",
    "Magarpatta",
    "Moshi",
    "Pimpri Chinchwad",
    "Rahatani Road",
    "Sanghvi Kesri Marg",
    "Satara Road",
    "Shivaji Nagar",
    "Tathawade",
    "Undri Chawk",
    "Viman Nagar",
    "Wagholi",
    "Khalapur",
    "Bhabola",
    "Bhayander West",
    "Dombivali",
    "Dombivli East",
    "Ghansoli",
    "GNP Arcadia",
    "Kalyan West",
    "Majiwada",
    "Naikwadi",
    "Patlipada",
    "Poonam Garden Junction",
    "Sector 3, Ghansoli",
    "Shahid Mangal Pandey Road",
    "Subhash Nagar",
    "Virar West",
    "Vasai",
    "Nalasopara",
    "Laitumukhrah Main Road",
    "Khermahal",
    "Jaydev Vihar",
    "Kalpana Square Junction",
    "Patia",
    "Patrapada",
    "Rasulgarh",
    "Chheharata",
    "Cooper Road",
    "Jaldiala",
    "Jhande",
    "Lawrence Road",
    "Naranjanpur Fattuwal",
    "Sultanwind",
    "Garhikanugo",
    "Bhucho",
    "Bibi Wala Road",
    "Pakka",
    "Dugri",
    "Sector 114",
    "Satiya Wala",
    "Dinanagar",
    "Piplawan Crossing",
    "Ladhewali",
    "Lajpat Nagar",
    "Pholriwal",
    "Reru",
    "Chehru",
    "Kapurthala Road",
    "Bhamia Kalan",
    "Bhanohad",
    "Bulara",
    "Fatehpur Awana",
    "Ferozpur Road",
    "Kaddon",
    "Kailash Cinema Road",
    "Sarabha Nagar",
    "OMAXE DT",
    "Sector 61",
    "Sector 66",
    "Sector 67",
    "Rampur Mehrab",
    "Mahalon",
    "Islampur",
    "Bhupindra Road",
    "Bollywood Gully",
    "Gobind Bagh",
    "Mohali Kharar Road",
    "Rajpura",
    "Sangrur Highway",
    "Chandigarh Road",
    "Mukerian",
    "Handiya",
    "The Outlet Village",
    "Oxford Street Zirakpur",
    "Zirakpur DSS",
    "Badgaon",
    "Hathi Bhata",
    "Panchsheel Nagar",
    "Alwar Bypass Road",
    "Upvan The Garden City",
    "Dayal Nagar",
    "GP Colony",
    "Jagatpura",
    "Kalwar Road",
    "Malviya Nagar",
    "Malviya Ngr",
    "Om Shiv Colony",
    "Vaishali Nagar",
    "Sadarpura",
    "DCM Road",
    "Jhalawar Road",
    "Rabcha",
    "Abu Road",
    "Panchwati",
    "New Supper Market",
    "Adyar",
    "Anna Nagar",
    "Chennai Airport",
    "Egattur",
    "Jamaliya Nagar",
    "Mogappair",
    "Neelankarai",
    "Royapettah",
    "Semmenchery",
    "Thailavaram",
    "Thoraipakkam",
    "Vadapalani",
    "Velachery Road",
    "Dr Krishnasamy Mudaliyar Road",
    "Sivanandhapuram",
    "Pollupalli",
    "Meyyanur",
    "Balaji Nagar",
    "Ameerpet",
    "Banjara Hills",
    "Champapet",
    "Chandanagar",
    "Himayat Nagar",
    "Hyderabad Warangal Highway",
    "Kavadiguda",
    "Khairatabad",
    "Madhapur",
    "Malkajgiri",
    "Mehdipatnam",
    "Miyapur",
    "Mumbai Hwy",
    "New Malakpet",
    "PV Narasimha Rao Expressway",
    "RC Puram",
    "Sector 3",
    "Shaikpet",
    "Uppal",
    "Whitefields",
    "Brundavan Colony",
    "Gandipet",
    "Puppalguda",
    "Saroornagar",
    "Nagla Padi",
    "Tajganj",
    "Old Katra",
    "Deen Dayal Puram",
    "Pilibhit Bypass Road",
    "Delhi Muradabad Road",
    "Yamuna expressway",
    "Bhopa Road",
    "Dr Sushila Naiyar Marg",
    "East Model Town",
    "Indirapuram",
    "Indrapuram",
    "Kaushambi",
    "Loni Industrial Area",
    "Maharana Pratap Marg",
    "Raj Nagar Extension",
    "Raj Nagar Extn",
    "Sector 3, Vaishali",
    "Vaishali",
    "Mohaddipur",
    "Vijay Chowk",
    "Brahmpur Rajraula Urf Nawada",
    "Knowledge park",
    "Sector 16B",
    "Surajpur Kasna Road",
    "Techzone 4",
    "Kidwai Nagar",
    "MG Road",
    "Gutaiya",
    "Chowk",
    "Gomti Nagar",
    "Hazratganj",
    "LDA Colony",
    "Mahanagar",
    "Sector 7, Gomtinagar",
    "Sector E",
    "Semra",
    "Shaheed Path",
    "Chatta",
    "Mathura Govardhan Road",
    "Dhyan Chand Nagar",
    "Mawana Road",
    "Kanth Road",
    "Lodhipur Rajput",
    "Meerut Rd",
    "Ashok Marg",
    "Dadri Main Road",
    "Sabota Mustfabad",
    "Sector 110",
    "Sector 129",
    "Sector 140",
    "Sector 18",
    "Sector 2",
    "Sector 32",
    "Sector 63",
    "Sector 74",
    "Sector 94",
    "Sector Beta 2",
    "Dibdiba",
    "Cantonment",
    "Shastri Nagar",
    "Dhakpatti",
    "Jakhan",
    "Jogiwala",
    "Miyawala",
    "Rajpur Road",
    "Govindpuri",
    "Roorkee",
    "Pantnagar",
    "Pulia",
    "Gerhwal",
    "Kashipur",
    "Matigara",
    "Sector 2A, Bidhannagar",
    "Jagat Banerjee Ghat Road",
    "Baguihati",
    "Bidhannagar, Sector 1",
    "Chakraborty Para Road",
    "Dakshindari Road",
    "Dharmatala",
    "Dunlop",
    "New Town",
    "Pramatha Chowdhury Sarani",
    "Rashbehari Avenue",
    "Sector 5, Bidhannagar",
    "Vivekananda Nagar"
  ],
  "cities_completed": {},
  "cities_fully_completed": [
    "Kakinada",
    "Tirupati",
    "Vijayawada",
    "Visakhapatnam",
    "West Godavari",
    "Papum Pare",
    "Guwahati",
    "Kamrup",
    "Patna",
    "Chandigarh",
    "Bhilai",
    "Bilaspur",
    "Raipur",
    "New Delhi",
    "North Goa",
    "Ahmedabad",
    "Bharuch",
    "Gandhinagar",
    "Mehsana",
    "Rajkot",
    "Surat",
    "Vadodara",
    "Valsad",
    "Vapi",
    "Ambala",
    "Bahadurgarh",
    "Faridabad",
    "Gurugram",
    "Hisar",
    "Jhajjar",
    "Karnal",
    "Nuh",
    "Panchkula",
    "Rewari",
    "Rohtak",
    "Sonipat",
    "Yamuna Nagar",
    "Kullu",
    "Solan",
    "Una",
    "Jammu",
    "Udhampur",
    "Dhanbad",
    "Jamshedpur",
    "Ranchi",
    "Bengaluru",
    "Hassan",
    "Kolar",
    "Mangaluru",
    "Manipal",
    "Mysore",
    "Ramanagara",
    "Ernakulam",
    "Kochi",
    "Thiruvananthapuram",
    "Thrissur",
    "Bhopal",
    "Gwalior",
    "Indore",
    "Ambernath",
    "Amravati",
    "Aurangabad",
    "Badlapur",
    "Kolhapur",
    "Mumbai",
    "Nagpur",
    "Nashik",
    "Navi Mumbai",
    "Palghar",
    "Pimpri Chinchwad",
    "Pune",
    "Raigad",
    "Thane",
    "Vasai",
    "Virar",
    "Shillong",
    "Dimapur",
    "Bhubaneswar",
    "Amritsar",
    "Balachaur",
    "Bathinda",
    "Faridkot",
    "Fatehgarh Sahib",
    "Firozpur",
    "Gurdaspur",
    "Hoshiarpur",
    "Jalandhar",
    "Kapurthala",
    "Ludhiana",
    "Moga",
    "Mohali",
    "Morinda",
    "Nawanshahr",
    "Pathankot",
    "Patiala",
    "Sahibzada Ajit Singh Nagar",
    "Sangrur",
    "Zirakpur",
    "Ajmer",
    "Alwar",
    "Behror",
    "Jaipur",
    "Jodhpur",
    "Kota",
    "Rajsamand",
    "Sirohi",
    "Udaipur",
    "East Sikkim",
    "Chennai",
    "Coimbatore",
    "Krishnagiri",
    "Salem",
    "Vellore",
    "Hyderabad",
    "Rangareddy",
    "Agra",
    "Prayagraj",
    "Bareilly",
    "Gajraula",
    "Gautam Buddha Nagar",
    "Ghaziabad",
    "Gorakhpur",
    "Greater Noida",
    "Kanpur",
    "Kanpur Nagar",
    "Lucknow",
    "Mathura",
    "Meerut",
    "Moradabad",
    "Muzaffarnagar",
    "Noida",
    "Rampur",
    "Saharanpur",
    "Varanasi",
    "Dehradun",
    "Haridwar",
    "Nainital",
    "Tehri Garhwal",
    "Udham Singh Nagar",
    "Darjeeling",
    "Durgapur",
    "Howrah",
    "Kolkata",
    "Madhyamgram"
  ],
  "localities_completed": {
    "Andhra Pradesh": {
      "Kakinada": [
        "Subash Road"
      ],
      "Tirupati": [
        "STV Nagar"
      ],
      "Vijayawada": [
        "Labbipet",
        "Patamata"
      ],
      "Visakhapatnam": [
        "Asilmetta Junction",
        "Midhilapuri Vuda Colony",
        "Resapuvanipalem"
      ],
      "West Godavari": [
        "Chaitanya Nagar"
      ]
    },
    "Arunachal Pradesh": {
      "Papum Pare": [
        "Lower A sector"
      ]
    },
    "Assam": {
      "Guwahati": [
        "Adabari",
        "Christian Basti",
        "Lachitnagar",
        "Six Mile"
      ],
      "Kamrup": [
        "Lalung Gaon"
      ]
    },
    "Bihar": {
      "Patna": [
        "Boring Road",
        "Lodipur",
        "SP Verma Road"
      ]
    },
    "Chandigarh": {
      "Chandigarh": [
        "Industrial Area",
        "Sector 35C"
      ]
    },
    "Chhattisgarh": {
      "Bhilai": [
        "GE Road"
      ],
      "Bilaspur": [
        "Vyapar Vihar"
      ],
      "Raipur": [
        "Pandri",
        "Shankar Nagar"
      ]
    },
    "Delhi": {
      "New Delhi": [
        "Adarsh Nagar",
        "Ashok Nagar",
        "Astha Kunj Road",
        "Bhagwan Mahavir Marg",
        "Chandni Chowk",
        "Chattarpur",
        "Connaught Place",
        "Dhaula Kuan",
        "Dwarka",
        "Grand Trunk Road",
        "Hauz Khas",
        "Inderlok",
        "Janakpuri",
        "Jasola",
        "Jawahar Nagar",
        "Kalkaji",
        "Karol Bagh",
        "Kashmeri Gate",
        "Kashmiri Gate",
        "Kirti Nagar",
        "Lajpat Nagar 2",
        "Laxmi Nagar",
        "Mahipalpur",
        "Main Patel Road",
        "Mayur Vihar",
        "Milap Nagar",
        "Model Town",
        "Netaji Subhash Place",
        "Paschim Vihar",
        "Pitampura",
        "Punjabi Bagh",
        "Rajiv Chowk",
        "Rajouri Garden",
        "Road No 44",
        "Saket",
        "Sarita Vihar",
        "Sarojini Nagar",
        "Sector 10, Rohini",
        "Sector 14, Dwarka",
        "Sector 18, Rohini",
        "Sector 22, Dwarka",
        "Sector 3, Rohini",
        "Shahdara",
        "Tagore Garden",
        "Tuda Mandi",
        "Uttam Nagar",
        "Vasant Kunj"
      ]
    },
    "Goa": {
      "North Goa": [
        "Bardez"
      ]
    },
    "Gujarat": {
      "Ahmedabad": [
        "Chimanlal Girdharlal Road",
        "Memnagar",
        "Nikol",
        "Prahlad Nagar",
        "Sardar Patel Ring Road",
        "Sarkari Vasahat Road",
        "SG Road",
        "Thaltej"
      ],
      "Bharuch": [
        "Station Road"
      ],
      "Gandhinagar": [
        "Sargasan"
      ],
      "Mehsana": [
        "Mehsana"
      ],
      "Rajkot": [
        "Ghanshyam Nagar"
      ],
      "Surat": [
        "Adajan",
        "Dumas Road",
        "Katargam",
        "Nana Varachha",
        "Udhna Darwaja",
        "VIP Road"
      ],
      "Vadodara": [
        "Gorwa",
        "Gotri Vasna Road",
        "Iscon Janmahal",
        "NH 48",
        "OP Road",
        "Sama Savli"
      ],
      "Valsad": [
        "Dungri"
      ],
      "Vapi": [
        "Golden Quadrilateral"
      ]
    },
    "Haryana": {
      "Ambala": [
        "Ambala Mohra",
        "Urban Village Ambala"
      ],
      "Bahadurgarh": [
        "Parnala"
      ],
      "Faridabad": [
        "NIT",
        "Sector 12",
        "Sector 20B",
        "Sector 28",
        "Sector 35",
        "Sector 81"
      ],
      "Gurugram": [
        "Manesar",
        "Sector 109",
        "Sector 10A",
        "Sector 29",
        "Sector 4",
        "Sector 47 & 49",
        "Sector 5",
        "Sector 52",
        "Sector 57",
        "Sector 65",
        "Sector 68"
      ],
      "Hisar": [
        "GT Road",
        "Red Sq Mkt"
      ],
      "Jhajjar": [
        "Sampla"
      ],
      "Karnal": [
        "Karnal City",
        "Karnal Haveli"
      ],
      "Nuh": [
        "Delhi Mumbai Expressway"
      ],
      "Panchkula": [
        "Sector 20",
        "Sector 9"
      ],
      "Rewari": [
        "Circular Road"
      ],
      "Rohtak": [
        "Delhi Road"
      ],
      "Sonipat": [
        "Kumaspur"
      ],
      "Yamuna Nagar": [
        "Model Town Yamuna Nagar",
        "Yamuna Nagar"
      ]
    },
    "Himachal Pradesh": {
      "Kullu": [
        "ISBT"
      ],
      "Solan": [
        "Mangoti"
      ],
      "Una": [
        "Jalgran Tabba"
      ]
    },
    "Jammu And Kashmir": {
      "Jammu": [
        "Gandhi Nagar",
        "Narwal Bypass"
      ],
      "Udhampur": [
        "Katra"
      ]
    },
    "Jharkhand": {
      "Dhanbad": [
        "Saraidhela"
      ],
      "Jamshedpur": [
        "Bistupur"
      ],
      "Ranchi": [
        "Lalpur",
        "Ratu Road"
      ]
    },
    "Karnataka": {
      "Bengaluru": [
        "Banashanka",
        "Bannerghatta Main Road",
        "Bellandur",
        "Betthalusur",
        "Chandapura",
        "Chikkasandra",
        "Commercial Street",
        "Dr Rajkumar Road",
        "Dyvasandra",
        "Gandhi Bazaar",
        "Gopalpura",
        "Hulimavu",
        "Huskur",
        "Indiranagar",
        "Jayanagar",
        "Kaggalipura",
        "Karuna Nagar",
        "Konanakunte",
        "Koramangala",
        "Kothanur",
        "Magadi",
        "Mahadevapura",
        "Mysore Road",
        "New BEL Road",
        "RT Nagar",
        "Sector 6",
        "Swami Vivekananda Road",
        "Thanisandra",
        "Veerasandra Industrial Area",
        "Vidyaranyapura",
        "Vijayanagar",
        "WCR Road",
        "Whitefield",
        "Whitefield Main Road",
        "Yalahanka",
        "Yelahanka",
        "Yelahanka New Town"
      ],
      "Hassan": [
        "Chanrayapatna"
      ],
      "Kolar": [
        "Perisandra"
      ],
      "Mangaluru": [
        "Hampankatta",
        "Kankanady"
      ],
      "Manipal": [
        "Eshwar Nagar"
      ],
      "Mysore": [
        "Jayalakshmipuram",
        "Nazarbad"
      ],
      "Ramanagara": [
        "Byrapatna"
      ]
    },
    "Kerala": {
      "Ernakulam": [
        "Infopark Road",
        "Mahatma Gandhi Road",
        "Maradu"
      ],
      "Kochi": [
        "Edappally"
      ],
      "Thiruvananthapuram": [
        "Anayara",
        "Eanchakkal"
      ],
      "Thrissur": [
        "Hill Garden Colony"
      ]
    },
    "Madhya Pradesh": {
      "Bhopal": [
        "Bagmugaliya",
        "HabibGanj",
        "Indrapuri",
        "MP Nagar"
      ],
      "Gwalior": [
        "Lashkar",
        "Racecourse Road"
      ],
      "Indore": [
        "Hukhmakhedi",
        "Khajrana",
        "New Palasia",
        "Vijay Nagar"
      ]
    },
    "Maharashtra": {
      "Ambernath": [
        "Kansai"
      ],
      "Amravati": [
        "Saturna"
      ],
      "Aurangabad": [
        "Chikalthana"
      ],
      "Badlapur": [
        "Ambernath Badlapur Road"
      ],
      "Kolhapur": [
        "Sarnobatwadi"
      ],
      "Mumbai": [
        "Andheri East",
        "Andheri West",
        "Bandra West",
        "Borivali E",
        "Borivali East",
        "Chembur West",
        "Dahisar West",
        "Dr Baba Saheb Ambedkar Road",
        "Dr DNA Road",
        "Ganesh Peth",
        "Goregaon West",
        "IMC Marg",
        "International Airport",
        "Janardan Patil Marg",
        "Kalina",
        "Kandivali",
        "Kandivali East",
        "Kurla West",
        "Lal Bahadur Shastri Road",
        "LBS Road",
        "Lowel Parel",
        "New Link Road",
        "Sahar",
        "Sanatacruz West",
        "SG Barve Marg",
        "Western Express Hwy"
      ],
      "Nagpur": [
        "Byramji Town",
        "Medical Square",
        "Sitabuldi"
      ],
      "Nashik": [
        "College Road",
        "Lavate Nagar"
      ],
      "Navi Mumbai": [
        "Panvel",
        "Sector 1, Nerul",
        "Sector 15",
        "Sector 19D, Vashi",
        "Sector 2, Kharghar",
        "Sector 30A, Vashi",
        "Sector 34E & 35E, Kharghar",
        "Sector 40"
      ],
      "Palghar": [
        "Nalasopara East"
      ],
      "Pimpri Chinchwad": [
        "Chinchwad"
      ],
      "Pune": [
        "Amanora Town Centre",
        "Ambegaon",
        "Fatima Nagar",
        "Haveli",
        "Hingane Khurd",
        "Hinjawadi",
        "Kharadi",
        "Kothrud",
        "Lonavala",
        "Magarpatta",
        "Moshi",
        "Pimpri Chinchwad",
        "Rahatani Road",
        "Sanghvi Kesri Marg",
        "Satara Road",
        "Shivaji Nagar",
        "Tathawade",
        "Undri Chawk",
        "Viman Nagar",
        "Wagholi"
      ],
      "Raigad": [
        "Khalapur"
      ],
      "Thane": [
        "Bhabola",
        "Bhayander West",
        "Dombivali",
        "Dombivli East",
        "Ghansoli",
        "GNP Arcadia",
        "Kalyan West",
        "Majiwada",
        "Naikwadi",
        "Patlipada",
        "Poonam Garden Junction",
        "Sector 3, Ghansoli",
        "Shahid Mangal Pandey Road",
        "Subhash Nagar",
        "Virar West"
      ],
      "Vasai": [
        "Vasai"
      ],
      "Virar": [
        "Nalasopara"
      ]
    },
    "Meghalaya": {
      "Shillong": [
        "Laitumukhrah Main Road"
      ]
    },
    "Nagaland": {
      "Dimapur": [
        "Khermahal"
      ]
    },
    "Odisha": {
      "Bhubaneswar": [
        "Jaydev Vihar",
        "Kalpana Square Junction",
        "Patia",
        "Patrapada",
        "Rasulgarh"
      ]
    },
    "Punjab": {
      "Amritsar": [
        "Chheharata",
        "Cooper Road",
        "Jaldiala",
        "Jhande",
        "Lawrence Road",
        "Naranjanpur Fattuwal",
        "Sultanwind"
      ],
      "Balachaur": [
        "Garhikanugo"
      ],
      "Bathinda": [
        "Bhucho",
        "Bibi Wala Road"
      ],
      "Faridkot": [
        "Pakka"
      ],
      "Fatehgarh Sahib": [
        "Dugri",
        "Sector 114"
      ],
      "Firozpur": [
        "Satiya Wala"
      ],
      "Gurdaspur": [
        "Dinanagar"
      ],
      "Hoshiarpur": [
        "Piplawan Crossing"
      ],
      "Jalandhar": [
        "Ladhewali",
        "Lajpat Nagar",
        "Pholriwal",
        "Reru"
      ],
      "Kapurthala": [
        "Chehru",
        "Kapurthala Road"
      ],
      "Ludhiana": [
        "Bhamia Kalan",
        "Bhanohad",
        "Bulara",
        "Fatehpur Awana",
        "Ferozpur Road",
        "Kaddon",
        "Kailash Cinema Road",
        "Sarabha Nagar"
      ],
      "Mohali": [
        "OMAXE DT",
        "Sector 61",
        "Sector 66",
        "Sector 67"
      ],
      "Morinda": [
        "Rampur Mehrab"
      ],
      "Nawanshahr": [
        "Mahalon"
      ],
      "Pathankot": [
        "Islampur"
      ],
      "Patiala": [
        "Bhupindra Road",
        "Bollywood Gully",
        "Gobind Bagh",
        "Mohali Kharar Road",
        "Rajpura",
        "Sangrur Highway"
      ],
      "Sahibzada Ajit Singh Nagar": [
        "Chandigarh Road",
        "Mukerian"
      ],
      "Sangrur": [
        "Handiya",
        "The Outlet Village"
      ],
      "Zirakpur": [
        "Oxford Street Zirakpur",
        "Zirakpur DSS"
      ]
    },
    "Rajasthan": {
      "Ajmer": [
        "Badgaon",
        "Hathi Bhata",
        "Panchsheel Nagar"
      ],
      "Alwar": [
        "Alwar Bypass Road"
      ],
      "Behror": [
        "Upvan The Garden City"
      ],
      "Jaipur": [
        "Dayal Nagar",
        "GP Colony",
        "Jagatpura",
        "Kalwar Road",
        "Malviya Nagar",
        "Malviya Ngr",
        "Om Shiv Colony",
        "Vaishali Nagar"
      ],
      "Jodhpur": [
        "Sadarpura"
      ],
      "Kota": [
        "DCM Road",
        "Jhalawar Road"
      ],
      "Rajsamand": [
        "Rabcha"
      ],
      "Sirohi": [
        "Abu Road"
      ],
      "Udaipur": [
        "Panchwati"
      ]
    },
    "Sikkim": {
      "East Sikkim": [
        "New Supper Market"
      ]
    },
    "Tamil Nadu": {
      "Chennai": [
        "Adyar",
        "Anna Nagar",
        "Chennai Airport",
        "Egattur",
        "Jamaliya Nagar",
        "Mogappair",
        "Neelankarai",
        "Royapettah",
        "Semmenchery",
        "Thailavaram",
        "Thoraipakkam",
        "Vadapalani",
        "Velachery Road"
      ],
      "Coimbatore": [
        "Dr Krishnasamy Mudaliyar Road",
        "Sivanandhapuram"
      ],
      "Krishnagiri": [
        "Pollupalli"
      ],
      "Salem": [
        "Meyyanur"
      ],
      "Vellore": [
        "Balaji Nagar"
      ]
    },
    "Telangana": {
      "Hyderabad": [
        "Ameerpet",
        "Banjara Hills",
        "Champapet",
        "Chandanagar",
        "Himayat Nagar",
        "Hyderabad Warangal Highway",
        "Kavadiguda",
        "Khairatabad",
        "Madhapur",
        "Malkajgiri",
        "Mehdipatnam",
        "Miyapur",
        "Mumbai Hwy",
        "New Malakpet",
        "PV Narasimha Rao Expressway",
        "RC Puram",
        "Sector 3",
        "Shaikpet",
        "Uppal",
        "Whitefields"
      ],
      "Rangareddy": [
        "Brundavan Colony",
        "Gandipet",
        "Puppalguda",
        "Saroornagar"
      ]
    },
    "Uttar Pradesh": {
      "Agra": [
        "Nagla Padi",
        "Tajganj"
      ],
      "Prayagraj": [
        "Old Katra"
      ],
      "Bareilly": [
        "Deen Dayal Puram",
        "Pilibhit Bypass Road"
      ],
      "Gajraula": [
        "Delhi Muradabad Road"
      ],
      "Gautam Buddha Nagar": [
        "Yamuna expressway"
      ],
      "Ghaziabad": [
        "Bhopa Road",
        "Dr Sushila Naiyar Marg",
        "East Model Town",
        "Indirapuram",
        "Indrapuram",
        "Kaushambi",
        "Loni Industrial Area",
        "Maharana Pratap Marg",
        "Raj Nagar Extension",
        "Raj Nagar Extn",
        "Sector 3, Vaishali",
        "Vaishali"
      ],
      "Gorakhpur": [
        "Mohaddipur",
        "Vijay Chowk"
      ],
      "Greater Noida": [
        "Brahmpur Rajraula Urf Nawada",
        "Knowledge park",
        "Sector 16B",
        "Surajpur Kasna Road",
        "Techzone 4"
      ],
      "Kanpur": [
        "Kidwai Nagar",
        "MG Road"
      ],
      "Kanpur Nagar": [
        "Gutaiya"
      ],
      "Lucknow": [
        "Chowk",
        "Gomti Nagar",
        "Hazratganj",
        "LDA Colony",
        "Mahanagar",
        "Sector 7, Gomtinagar",
        "Sector E",
        "Semra",
        "Shaheed Path"
      ],
      "Mathura": [
        "Chatta",
        "Mathura Govardhan Road"
      ],
      "Meerut": [
        "Dhyan Chand Nagar",
        "Mawana Road"
      ],
      "Moradabad": [
        "Kanth Road",
        "Lodhipur Rajput"
      ],
      "Muzaffarnagar": [
        "Meerut Rd"
      ],
      "Noida": [
        "Ashok Marg",
        "Dadri Main Road",
        "Sabota Mustfabad",
        "Sector 110",
        "Sector 129",
        "Sector 140",
        "Sector 18",
        "Sector 2",
        "Sector 32",
        "Sector 63",
        "Sector 74",
        "Sector 94",
        "Sector Beta 2"
      ],
      "Rampur": [
        "Dibdiba"
      ],
      "Varanasi": [
        "Cantonment",
        "Shastri Nagar"
      ]
    },
    "Uttarakhand": {
      "Dehradun": [
        "Dhakpatti",
        "Jakhan",
        "Jogiwala",
        "Miyawala",
        "Rajpur Road"
      ],
      "Haridwar": [
        "Govindpuri",
        "Roorkee"
      ],
      "Nainital": [
        "Pantnagar",
        "Pulia"
      ],
      "Tehri Garhwal": [
        "Gerhwal"
      ],
      "Udham Singh Nagar": [
        "Kashipur"
      ]
    },
    "West Bengal": {
      "Darjeeling": [
        "Matigara"
      ],
      "Durgapur": [
        "Sector 2A, Bidhannagar"
      ],
      "Howrah": [
        "Jagat Banerjee Ghat Road"
      ],
      "Kolkata": [
        "Baguihati",
        "Bidhannagar, Sector 1",
        "Chakraborty Para Road",
        "Dakshindari Road",
        "Dharmatala",
        "Dunlop",
        "New Town",
        "Pramatha Chowdhury Sarani",
        "Rashbehari Avenue",
        "Sector 5, Bidhannagar"
      ],
      "Madhyamgram": [
        "Vivekananda Nagar"
      ],
      "Siliguri": [
        "Sevoke Road"
      ]
    }
  },
  "inputs_completed": [],
  "links_completed": [],
  "current_page": 1,
  "last_refresh_time": 0
}