{
  "current_strategy": null,
  "current_state": null,
  "current_city": null,
  "current_locality": "Goura",
  "current_pincode": null,
  "current_sub_brand": null,
  "states_completed": [],
  "states_fully_completed": [
    "Andaman And Nicobar Islands",
    "Andhra Pradesh",
    "Arunachal Pradesh",
    "Assam",
    "Bihar",
    "Chandigarh",
    "Chhattisgarh",
    "Delhi",
    "Goa",
    "Gujarat",
    "Haryana",
    "Himachal Pradesh",
    "Jammu And Kashmir",
    "Jharkhand",
    "Karnataka",
    "Kerala",
    "Ladakh",
    "Madhya Pradesh",
    "Maharashtra",
    "Manipur",
    "Meghalaya",
    "Mizoram",
    "Nagaland",
    "Odisha",
    "Puducherry",
    "Punjab",
    "Rajasthan",
    "Tamil Nadu",
    "Telangana",
    "Tripura",
    "Uttar Pradesh",
    "Uttarakhand"
  ],
  "locality_fully_completed": [
    "MA Road",
    "East Godavari",
    "Akkpedianera",
    "Autonagar main road",
    "Bypass Road",
    "Kamalanagar",
    "Main Road",
    "New 80 Feet Road",
    "Prasahanthi Nagar",
    "R F Road",
    "Undi Road",
    "Chittoor",
    "Palamaner Road",
    "Prakasham High Road",
    "Sri Ram Nagar Colony",
    "Tirupathi Road",
    "VMC Circle",
    "Bagh Masjid Road",
    "Krishna Circle",
    "Nagaragupeta",
    "Tadipatri Road",
    "Aryapuram",
    "Suryaraopeta",
    "Ashok Nagar",
    "GBC Road",
    "Kasturba Rd",
    "Morrispet",
    "Jaganadhapuram",
    "Ramasomayajulu Street",
    "Hanuman Junction",
    "Autonagar",
    "New Bus Stand Road",
    "RP Rajeev Nagar",
    "Sai Babanagar",
    "Seetharama Nagar",
    "TB Road",
    "RS Road",
    "Tekke",
    "Narsipatnam",
    "Auto Nagar",
    "Dargamitta",
    "Fathekhanpet",
    "Ramamurthy Nagar",
    "Addanki Bus Stand",
    "Guntur Road",
    "Kanigiri",
    "Trunk Road",
    "MIDC Road",
    "Mydukur Road",
    "Ghandipuram",
    "Balaji Junction",
    "Hiramandalam",
    "Meher Nager",
    "Palakonda Road",
    "Ranastalam",
    "Sainagar",
    "Gandhi Kota",
    "Ambedkar",
    "Biragi Pattadi",
    "CHENNAI BY PASS ROAD",
    "Tiruchanur Road",
    "TTD New Road",
    "100 Feet Road",
    "Ajaith Singh Nagar",
    "Governorpet",
    "Jawahar Auto Nagar",
    "Prakasam Road",
    "Akkayapalem",
    "Feet Road",
    "Gajuwaka",
    "Gajuwaka Junction",
    "Pendurthi",
    "Vijaya Jyothi Arcade",
    "Jonnaguddi Road",
    "Savitrupet",
    "Naharlagun, Sector A",
    "Amtola",
    "Simlaguri",
    "Bokakhat",
    "Chapaguri Road",
    "Rollling Mill Bazar",
    "Bongram",
    "Brahman",
    "Udharbond",
    "NT Road",
    "Tangla",
    "Bharali Chowk",
    "Gurudwara Market",
    "Duliajan",
    "Agia Raod",
    "GF Road",
    "Basishtha Chariali",
    "Das Auto Bazar",
    "Kamrup",
    "Rajgarh Road",
    "Ulubari",
    "Anipur",
    "JK Kedia Road",
    "JPR Road",
    "Rupahi Ali",
    "Thana Road",
    "Adagodam",
    "Dhirenpara",
    "Geeta Nagar",
    "Jagiroad",
    "Badarpur",
    "Patharkandi",
    "Silchar Road",
    "Vivekananda Path",
    "Haibar Gaon",
    "Haibargaon",
    "Haiborgaon",
    "Na Ali AT Road",
    "Station Chariali",
    "BR Road",
    "AT Road",
    "Napukhiri",
    "Tinali",
    "Ara Bhelai Road",
    "Barimathia Station Road",
    "Rajendra Nagar",
    "Gola Chowk",
    "Bihat",
    "Bazar Samiti Road",
    "Kahalgaon",
    "Bazar Samity Road",
    "Gandhi Chowk",
    "Govtermnet Bus Stand",
    "Sahebganj Chowk",
    "Quilaghat",
    "Forbesganj",
    "North Gandhi Maidan",
    "SP Road",
    "Banjari More",
    "Thawe",
    "Eklavya College Chowk",
    "Lakhisarai Road",
    "Nawada Sikandara Main Road",
    "Amla Tola",
    "Durgapur",
    "MG Road",
    "Thakurganj",
    "Bata Chowk",
    "Badi Bazar",
    "Bagwanpur Chowk",
    "Hathi Chowk",
    "Kanhauli",
    "Laxmi Narayan Road",
    "Prasad Bigha",
    "Anisabad",
    "Budha Marg",
    "Cantonment",
    "Danapur",
    "East Boring Canal Road",
    "Exhibition Road",
    "Kankarbagh",
    "Vishwasaraiya Nagar",
    "Ford Company Chowk",
    "Mehboob Khan Tola",
    "Chandan Chowk",
    "Tajpur Market",
    "Noorganj",
    "Kachahri Road",
    "Jawahar Chowk",
    "Raghubarpura Road",
    "Rajendra Path",
    "Tinpulwa Chowk",
    "Dak Bunglow Road",
    "Industrial Area",
    "Manimajra",
    "Sector 41B",
    "Darri Para",
    "Kharsia Road",
    "Grambhadi",
    "Ge Road",
    "Supela",
    "Deoki Nandan School Square",
    "Gulab Nagar",
    "Jarhabhata",
    "Vyapar Vihar",
    "Birra Road",
    "Nandini Road",
    "Geedam Road",
    "Akaltara",
    "Station Road",
    "Transport Nagar",
    "Gaurav Path",
    "Ralway Station Road",
    "Dhimrapur Chowk",
    "Bhanpuri",
    "Gurudwara Road",
    "Maudaha Para",
    "Siltara Industrial Area",
    "Alipur",
    "Arjun Nagar",
    "Bihari Colony",
    "BMK Giri Nagar",
    "Connaught Place",
    "Daryagunj",
    "Ghazipur Dairy",
    "Guru Teg Bahadur Nagar",
    "Hari Nagar",
    "Jhandewalan Extension",
    "Kalkaji",
    "Krishna Nagar",
    "Mahipalpur",
    "Mayapuri",
    "Mayur Vihar",
    "Najafgarh",
    "Old Pankha Road",
    "Sahapur Jat",
    "Sanjay Gandhi Transport Nagar",
    "Shahdara",
    "Sukhdev Market",
    "West Jyoti Nagar",
    "Navelim",
    "Mapusa",
    "Setu Nagam",
    "18th June Road",
    "Nirankal",
    "Vaddem",
    "Amraiwadi",
    "Jodhpur Cross Road",
    "Maninagar",
    "Naranpura",
    "Narol",
    "Navrangpura",
    "Raipur",
    "Sardarganj",
    "Sarkhej",
    "Satellite",
    "Sky Sol Cross Road",
    "Thaltej",
    "Visat Chandkheda Road",
    "Rupam Cinema Road",
    "Chikhodra Road",
    "Janta Chokdi",
    "GIDC Main Road",
    "Rajpipla Chowkdi",
    "Valia Chokdi",
    "Kasak Fuwara",
    "Narmada Nagar",
    "Zadeshwar",
    "Devubaug",
    "Gangajalia Talav",
    "Railway Station Road",
    "Sahakari Hat",
    "Sutarvadi",
    "Vichiya Road",
    "Gurudwara Chowk",
    "Relocation Site",
    "Chimodiya",
    "Anand Chokdi",
    "Haveli Chowk",
    "Sardar Chowk",
    "Umreth Road",
    "Highway Road",
    "Sector 9",
    "Sector 9C",
    "Gadukpur",
    "Godhra",
    "Jalaram Mandir Road",
    "Mehulnagar",
    "Satyam Colony Road",
    "Swaminarayan Nagar",
    "Datar Road",
    "Rajkot Road",
    "Adipur",
    "Ganga Naka",
    "Mundra",
    "Nakhatrana",
    "Mehsana",
    "Mansa Gandhinagar Highway",
    "Ashram Road",
    "Kapadvanj",
    "Sherkand Talav Road",
    "Chikhli",
    "Grid",
    "Kabilpore",
    "Ahmedabad Highway",
    "Godhra Highway",
    "Bokhira",
    "Anand Nagar",
    "Gondal Road",
    "Mahendra Nagar Road",
    "Malaviya Chowk",
    "Mavdi Plot",
    "Rajkot Ahmedabad Highway",
    "Ring Road",
    "Shivnagar",
    "Prantij",
    "Hazira Road",
    "Parvat Patiya",
    "Puna Simada Road",
    "Punagam",
    "Rander Road",
    "Dhrangdhra Maliya Highway",
    "Alipura",
    "Dashrath",
    "Productivity Road",
    "Sampatrao Colony",
    "Vega",
    "Dashera Tekadi",
    "Char Rasta",
    "GIDC",
    "Imran Nagar",
    "Himmtnagar Highway",
    "Vyara",
    "Barwala",
    "Gandhi Nagar",
    "Ghel",
    "Motor Market",
    "Netaji Subhash Marg",
    "Auto Market",
    "Charkhi Dadri",
    "NIT Chowk",
    "Nit Road",
    "GT Road",
    "Gohana",
    "Bhim Nagar, Sector 7",
    "Hayat Pur, Sector 94",
    "Rajeev Nagar, Sector 14",
    "Rampura, Sector 82",
    "Rupa Naharpur",
    "Sohna",
    "Sohna Chowk",
    "Safidon Road",
    "Amar Garh Colony",
    "Jind Road",
    "RK Puram",
    "Slarpur Road",
    "Mahendra Garh",
    "Narwana",
    "Sanjay Chowk",
    "Sector 25",
    "Bhiwani Stand",
    "Rohtak Hissar Road",
    "Bahalgarh",
    "G T Road",
    "Janta Colony",
    "Baddi",
    "Mehta Market",
    "Sultanpur",
    "Pakka Bharo",
    "Old Matour",
    "Thakur Dwara",
    "Shamshi",
    "Sauli Khud",
    "Sundernagar",
    "Bhuppur",
    "Deonghat",
    "Mahatpur",
    "Nangal Road",
    "Awantipora",
    "KP Road",
    "Qazigund",
    "Yaripora",
    "Amargarh",
    "Magam",
    "Bohri",
    "Gumat",
    "Roop Nagar",
    "Sector 3",
    "Chadwal Morh",
    "Old Bus Stand",
    "Handwara",
    "Pulwama",
    "Batamaloo",
    "Beehama",
    "Karan Nagar",
    "Qamarwari",
    "Shiv Nagar",
    "Chas",
    "Nimia More",
    "Petarwar",
    "Phusro",
    "Sector 4",
    "Barhi",
    "Jatra Bagh",
    "Tandwa",
    "Jhousagarhi",
    "Netaji Road",
    "Sarwan Road",
    "Bhaga",
    "Chanakya Nagar",
    "Katras More",
    "Matkuria",
    "Shastri Nagar",
    "Bhagalpur road",
    "Pokhra Chowk",
    "Adarsh Nagar",
    "Golmuri",
    "Golmuri Market",
    "Mango",
    "Sonari",
    "Pandwa",
    "Ranka More",
    "Bara Chowk",
    "Mahagama",
    "Postoffice Road",
    "High School Road",
    "Bansilal Chowk",
    "Club Road",
    "Kuju Chowk",
    "Adityapur",
    "Bistupur",
    "Sackhi",
    "Ranchi Patna Road",
    "Sahid Chowk",
    "Tipu Sultan Chowk Road",
    "Ramgarh Cantt",
    "Bariatu",
    "Booty More",
    "Hinoo",
    "Irba",
    "Karbala Chowk",
    "Khunti",
    "Pancham Nagar",
    "Ratan Talkies Chowk",
    "Sakchi",
    "Tharpakna",
    "Tupudana",
    "Galagali",
    "Kaladagi Road",
    "Vidyagiri",
    "1st Cross Road",
    "4th Main Road",
    "Agara",
    "Basaveshwara Nagar",
    "Basaveshwaranagara",
    "Belthur",
    "Byrappa Circle",
    "Chandapura",
    "Electronic City",
    "Ganga Nagar",
    "Gowribidanur Main Road",
    "Hanumantha Nagara",
    "HBR Layout",
    "Hesarghatta Road",
    "Hosapalaya",
    "Hoskote",
    "Hosur Road",
    "Karnick Road",
    "Kengeri",
    "KR Puram",
    "Mantapa Road",
    "MRCR Layout",
    "Nagarbhavi",
    "New Town Yelahanka",
    "Prakashnagar",
    "Shanthi Nagar",
    "Singasandra",
    "Subbaiyapalya Extn",
    "Vibuthipura Main Road",
    "Virgonagar",
    "Widia Layout",
    "Yelahanka",
    "Kapleshwar Colony",
    "Angol",
    "Athani Gokak Main Road",
    "Bijapur Road",
    "Fort Road",
    "Karoshi Road",
    "Ananthpur Road",
    "Siruguppa",
    "Chidri Road",
    "Stadium Road",
    "Inamdar Colony Cross",
    "Station Back Road",
    "Deviation Road",
    "Bellary Road",
    "Kumbarpet Road",
    "Darbe",
    "PB Road",
    "Shikaripura Road",
    "Maratha Colony Dharwad",
    "Hubli Road",
    "Mullugund Naka",
    "Koli Circle",
    "Chittapur Road",
    "Shahapur",
    "Yateem Khana Complex",
    "Santhepet Hassan",
    "Mruthyunjaya Nagar",
    "Sai Nagar",
    "Bijapur Kudchi Road",
    "Gunj",
    "Humnabad Road",
    "Nehru Gunj",
    "SVP Chowk",
    "Malur",
    "MB Road",
    "Rahmath Nagar",
    "Vapasandra",
    "Gadag Road",
    "BM Road",
    "Kodialbail",
    "Kulur, Dakshina Kannada",
    "Jamakhandi Road",
    "Chamaraja Double Road",
    "Ittigegud",
    "Lakshmipuram",
    "Gangavathi Road",
    "Gowshala Road",
    "Manchalepur",
    "B M Road",
    "Ijoor",
    "Bhadravathi",
    "Shimoga Road",
    "Patil Nagar",
    "Vinayaka Nagar",
    "BH Road",
    "Lingapura",
    "Kundapur",
    "Saligrama",
    "Salmara Road",
    "Alappuzha",
    "Arattuvazhi",
    "Koyilandy",
    "Manorama Junction",
    "Cheranallur",
    "Palakkad Road",
    "Aluva",
    "Arakuzha Road",
    "Kacheri Padi",
    "Perumbavoor",
    "Vytilla Junction",
    "Kattappana",
    "St Jude Church Junction",
    "Thodupuzha",
    "Iritty",
    "Kannathumchal",
    "Sreekandapuram Road",
    "Varam",
    "Kanhangad South Road",
    "Kunnummal",
    "Nileshwaram",
    "Kannampally Bhagam",
    "Market Road",
    "Deshabhimani",
    "Kottarakkara",
    "Kottayam",
    "Kottakkal",
    "Pulamon PO Junction",
    "Erattupetta",
    "Kodimatha",
    "MC Road",
    "NH 220",
    "Arayidathupalam",
    "Calicat Road",
    "Naduvannur",
    "Panniyankara",
    "Payyoli",
    "Thamarassery",
    "Wayanad Road",
    "Alathurpadi",
    "Chemmad",
    "Downhill",
    "Kavannoor",
    "Nelliparambu",
    "Nilambur",
    "Nilambur Road",
    "Wandoor",
    "Priyadarsini Road",
    "Thottakkara",
    "Mylapra",
    "Pathanamthitta",
    "Pazhavangadi",
    "Ulliyeri Road",
    "Perinthalmanna Calicut Road",
    "Kaithamukku",
    "Kanjiramkulam",
    "Kazhakuttom",
    "Pettah Road",
    "Plamood Junction",
    "Santhi Nagar",
    "Moovattupuzha Road",
    "NH Bypass South Junction",
    "Paravattani",
    "Puthukkad",
    "Tirur",
    "Narayana Nagar",
    "VO Road",
    "Venjaramood",
    "Chanchick",
    "Leh",
    "Skalzangling Leh",
    "Patel Park",
    "AB Road",
    "Arera Colony",
    "Mandideep",
    "Mp Nagar",
    "Padmanabh Nagar",
    "Raisen Road",
    "Sehore Naka",
    "Rastipura",
    "Jawahar Road",
    "Naugaon Road",
    "College Road",
    "Vaishnav Complex",
    "Bhander Road",
    "Krishi Upaj Mandi",
    "Ramnagar Chauraha",
    "Ujjain Road",
    "Pithampur",
    "Sector 1",
    "Ab Road",
    "Jinsi Nala No 1",
    "Lashkar",
    "MLB Road",
    "Padav",
    "Saraswati Nagar",
    "Bartan Bazar",
    "Chhoti Gwaltoli",
    "Indore Road",
    "Lasudia",
    "Laxudia Mori",
    "Mahalaxmi Nagar",
    "Malharganj",
    "Mechanic Nagar",
    "Ranjeet Hanuman Main Road",
    "Special Gandi Nagar",
    "Subhash Nagar",
    "Sukhliya",
    "Vijay Nagar Main Road",
    "Civil Line",
    "Napier Town",
    "Ranjhi",
    "Sehora",
    "Chetanya Marg",
    "Dr Chandak Chowraha",
    "Mirzapur Road",
    "Bhawani Mata Road",
    "Punasa Road",
    "Khandwa Road",
    "Maheswar Road",
    "Mandleshwar",
    "Mhow Neemuch Road",
    "Sitamau Phatak",
    "Rasuliya",
    "Shobapur Road",
    "Station Gunj",
    "Fawara Chowk",
    "Mhow Road",
    "Kurawar",
    "Jaora",
    "Jaora Fatak Ratlam",
    "Jai Stumbh Chowraha",
    "Nehru Nagar",
    "Bhagwanganj",
    "Jagat Dev Talab Road",
    "Indore Naka",
    "New Gandhi Chowk",
    "Shahdol Road",
    "Tanki Chouraha",
    "Bus Stand Road",
    "Freeganj",
    "Freegunj",
    "Koyla Fatak",
    "Industrial Estate Nagar",
    "Kukana",
    "Lal Taki Road",
    "Laltaki",
    "Mahatma Phule Chowk",
    "Manamd Road",
    "Market Yard",
    "Nagar Road",
    "Newasa Phata",
    "Pipeline Chowk",
    "Savedi",
    "Shanti Nagar",
    "Shegaon Road",
    "Subhadranagar",
    "Deepak Chowk",
    "Kasod Shivpur",
    "Poinad",
    "Ambernath",
    "Habib Nagar",
    "Jaistambh Square",
    "Khatri Market",
    "Navrang Chowk",
    "Rajapheth",
    "Sahakar Nagar",
    "Katrap",
    "Katrap Highway Rd",
    "Udyog Bhavan",
    "Ambedkar Chowk",
    "Jalana Road",
    "Jalna Beed Road",
    "Kaij",
    "Nagsen Nagar",
    "Bapat Nagar",
    "Warora",
    "Jama Masjid Moholla",
    "Malegaon Road",
    "Mumbai Agra Highway",
    "Nandurbar Chofli",
    "Church Road",
    "Rail Toli Road",
    "Ichail Karanjiri",
    "Raja Kelkar Road",
    "Ajintha Chowk",
    "Burhanpur Road",
    "S T Workshop",
    "Shirsoli Naka",
    "Raut Nagar",
    "Malakapur",
    "Shahu Chowk",
    "Mudre",
    "E Ward",
    "Hupari",
    "Mahalaxminagar",
    "Mali Colony",
    "Rajarampuri",
    "Shirolwadi Road",
    "Shivaji Chowk",
    "Shivaji University",
    "Sykes Extension",
    "Udyam Nagar",
    "Warnanagar",
    "Bashiwar Chowk",
    "MG College Road",
    "Nanded Road",
    "Andheri East",
    "Andheri Kurla Road",
    "Antop Hill",
    "Chembur",
    "Hanuman Cross Rd",
    "Kurla West",
    "Malad West",
    "Navhar Road",
    "Retibunder",
    "Sarvodaya Nagar",
    "Veer Savarkar Marg",
    "Wadala",
    "Worli",
    "Ajni Square",
    "Bajaj Nagar",
    "Byass Chowk",
    "Central Avenue",
    "Chandra Nagar",
    "Kamptee Road",
    "Katol Road",
    "Manav Nagar",
    "Mount Road Ext",
    "Mount Road Extension",
    "Pathrabe Wadi",
    "Unpkhana Medincal Road",
    "Wadi",
    "Bafana",
    "Hingoli Gate",
    "Shri Nagar",
    "GPO Road",
    "Mahatma Nagar",
    "Nasik Rd",
    "Pimpalgaon",
    "Rajiv Nagar",
    "Samta Nagar",
    "Sarda Circle",
    "Sarda Circle Road",
    "Taharabad Road",
    "Umrame Road",
    "Airoli, Sector 9",
    "Kalamboli",
    "Kharghar",
    "M G Road",
    "Sector 14",
    "Vashi",
    "Khaja Nagar",
    "Parli Road",
    "Mechanical Chowk",
    "Bus Stand Area",
    "Gangakhed",
    "Kalyani Nagar",
    "Purna",
    "Dhuldev",
    "Kolki",
    "Thermax Chowk",
    "Adarsha Colony",
    "Alandi Road",
    "Athiyaman beach",
    "Bharti Vidyapeeth Road",
    "Bhor",
    "Bhosale Wasti",
    "Bhosari",
    "Bibewabi",
    "Bibwewadi",
    "Bopodi",
    "Chakan",
    "Chakan Service Road",
    "Dhankawadi",
    "Dhawde Wasti",
    "Fursungi",
    "Hadapsar",
    "Indira Nagar",
    "Karve Nagar",
    "Karve Road",
    "Katraj",
    "Kondhwa",
    "Korhale Bk",
    "Kothrud",
    "Kurkumbh",
    "lBS road",
    "Loni Kalbhor",
    "Morgaon",
    "Mumbai Pune Highway",
    "Narayangaon",
    "Navi Peth",
    "New Mumbai Pune Highway",
    "Nira",
    "Nisarg",
    "Paud Road",
    "Pirangut",
    "Pune Nagar Road",
    "Pune Nasik Road",
    "Pune Satara Road",
    "Pune Solapur Road",
    "Ramwadi",
    "Rasta Peth",
    "Ravet",
    "Sahyadri Park Colony",
    "Sainagari",
    "Sasane Nagar",
    "Saswad",
    "Shirur",
    "Shukrawar Peth",
    "Singhad Road",
    "Sinhgad Road",
    "Somwar Peth",
    "Swargate",
    "Tathawade",
    "Thergaon",
    "Thergaon Phata",
    "Thigale Stal",
    "Undri Marg",
    "Uruli Devachi",
    "Viman Nagar",
    "Sakori",
    "Pen",
    "College Raod",
    "Ashita Road",
    "Civil Hospital Road",
    "Jath",
    "Mane Chowk",
    "Sahyadrinagar",
    "Tanaji Chowk",
    "Vita",
    "Karanje",
    "Pandarpur Phata",
    "Powai Naka",
    "Sadar Bazar",
    "Shaniwar Peth",
    "Pathardi Road",
    "Bazar Road",
    "Shrirampur",
    "Oros",
    "Asara Hotgi Road",
    "Bale",
    "Bhavani Peth",
    "Employment Chowk",
    "Gold Finch Path",
    "Mangalwedha",
    "Miraj Pundarpur Road",
    "New Palace Road",
    "Pratap Singh Chowk",
    "Raviwar Peth",
    "Sainik Nagar",
    "Bharani Pada",
    "Bhiwandi",
    "Dombivali",
    "Durgesh Park",
    "Ghodbandar Road,",
    "Kalher",
    "Kalwa",
    "Kalyan West",
    "Kapurbawdi",
    "Khadakpada",
    "Mira Road",
    "Narpoli",
    "Old Agra Road",
    "Paranjape Nagar",
    "Savarkar Nagar",
    "Shrikhande Wadi",
    "Vasai West",
    "Wartak Nagar",
    "Sector 17",
    "Boisar",
    "Nagpur Road",
    "Vasan Nagar",
    "Netaji Chowk",
    "Airport Road",
    "Thangmeiband Polem Leikai",
    "Jingkieng Demthring",
    "Mawngap",
    "Chaltlang",
    "Bazar Veng",
    "Golaghat Road",
    "Bypass Chowk",
    "Kaniha",
    "Talcher",
    "Kantabanjhi",
    "Digha Rood",
    "ITI Square",
    "Jaleswar",
    "Januganj",
    "Motiganj",
    "Bonth Chhack",
    "Chandbali",
    "Charampa",
    "Bomikhal Chowk",
    "Cuttack Road",
    "Forest Park",
    "Jayadev Vihar",
    "Dalua Street",
    "Ganjam",
    "Badambadi",
    "Cantonment Road",
    "Link Road",
    "Madhupatna",
    "New Lic Colony",
    "Salipur",
    "Shikharpur",
    "Dhenkanal Town",
    "Asika",
    "Aska Road",
    "Rahama",
    "Byasanagar",
    "Jajpur Road",
    "Kuakhia",
    "Rasulpur",
    "Sungada",
    "Beheramal Kisan Chowk",
    "Dhangarpada",
    "Keonjhr",
    "Sundrabasti Road",
    "Khandagiri",
    "PWD Office Lane",
    "Grand Road",
    "Tumbigoda Junction",
    "NAC Market",
    "Sanjay Market",
    "Baraipali Chowk",
    "Modipada Road",
    "Bharathiyar Road",
    "Green Garden",
    "Koothapakkam",
    "Kottakuppam",
    "Madukarai",
    "Mohan Nagar",
    "Dindivanam Road",
    "Pn Palayam",
    "Trichy Main Road",
    "Dadupura",
    "Sirhind",
    "Court Road",
    "Talwandi Road",
    "Pathankot Road",
    "Garshankar Road",
    "Hosyarpur Road",
    "Adda Abadpura",
    "Corporation Market",
    "Goraya",
    "Green Park",
    "Guru Gobind Singh Avenue",
    "Aggar Nagar",
    "Gurdev Nagar",
    "Kailash Nagar",
    "Preet Nagar",
    "Sherpur Chowk",
    "Dhakoli",
    "Bhag Wali Galli",
    "Railway station Road",
    "Gaushala Road",
    "Ghagga Road",
    "Sunami Gate",
    "Kiratpur Sahib",
    "Nurpur Bedi",
    "Aggrasain Market",
    "Hathi Bhata",
    "Jaipur Road",
    "PR Marg",
    "Roadways Bus Stand",
    "Kishangarh Road",
    "Lajpat Nagar",
    "Bagru",
    "Mahlan",
    "Dahod Road",
    "New Motor Market",
    "Chhatriyon Ka Morcha",
    "Main choraha",
    "Deeg Road",
    "Arya Samaj Road",
    "Rajinder Marg Road",
    "Chungi Naka",
    "Gajner Road",
    "Gangashahar Road",
    "Modern Market",
    "Pilani Road",
    "Ratangarh",
    "Sardarshahar",
    "Gangapur Road",
    "Malak Para",
    "Pilibanga",
    "Tibbi Road",
    "Agra Road",
    "Ajmer Road",
    "Bapu Nagar",
    "Mansarovar",
    "Sunsaan Road",
    "Vijay Nagar",
    "Dwarikadish Road",
    "Jhalrapatan",
    "Ram Nagar",
    "RIICO",
    "DPS Circle",
    "Jalori Gate",
    "Osian",
    "Pratap Nagar",
    "Residency Road",
    "Shyam Nagar",
    "New Mandi",
    "Khati Pura",
    "Mangalana Road",
    "JK Road",
    "Nathdwara Road",
    "Rampura",
    "Ranthambhore Road",
    "Devipura",
    "Kalyan Circle",
    "Jawal",
    "Jassa Singh Marg",
    "Mini Mayapuri",
    "Tractor & Automobiles Market",
    "Central Area",
    "Sevashram Chouraha",
    "Surajpole",
    "Periyar Salai",
    "Ambatur",
    "Golden George Nagar",
    "Gowrivakkam",
    "Karayanchavadi",
    "Madhavaram High Road",
    "Maniyammai Nagar",
    "MGR Nagar",
    "Mudichur Road",
    "Porur",
    "Rajiv Gandhi Salai",
    "Royapettah",
    "Sanatorium",
    "SVP Nagar",
    "T Nagar",
    "Virugambakkam",
    "Umaiyal Street",
    "1st Street Extension",
    "Argus Nagar",
    "Chinthamanipudur",
    "Coimbatore Road",
    "Gandhipuram",
    "Mathiazhan Nagar",
    "Mettupalayam Rd",
    "Pappampatti",
    "Ramanathapuram",
    "Sarathambal Nagar",
    "Sirumugai",
    "Sitra Road",
    "Udumalaipettai",
    "Imperial Road",
    "Mohansingh Street",
    "Nellikuppam",
    "Vadalur",
    "Gopalasamuthram",
    "Karur Main Road",
    "Paramakudi",
    "West Govindapuram",
    "Bhavani Road",
    "Perundurai",
    "Surampatti Four Rd",
    "Varnapuram",
    "Amman Nagar",
    "Anthivadi",
    "Nggo Colony",
    "Kovilambakkam",
    "Mugalivakkam Main Road",
    "Urapakkam",
    "Kottar",
    "Karur",
    "Elayarasanendal Road",
    "Kovilpatti",
    "Krishnagiri Road",
    "Kamaraj Road",
    "Krishnarayar Tank Street",
    "New Ellis Nagar",
    "North Veli Street",
    "Palanganatham",
    "Workshop Road",
    "Puthur",
    "Sirkali",
    "Ozhuginasery",
    "Salem Road",
    "Santhaipettai Pudur",
    "Dindigul Road",
    "Four Road",
    "Venkatesapuram",
    "Venkatasa Colony",
    "Annasalai",
    "Kattumavadi",
    "West Main Street",
    "Rajapalayam",
    "Bharathi Nagar",
    "Cuddalore Main Road",
    "MDS Nagar",
    "Meyyanur Main Road",
    "Sankari",
    "Shevapet",
    "Sri Ganesa Nagar",
    "Karaikudi",
    "Oversear Street",
    "Thondi Road",
    "Railway Road",
    "Aranthangi Road",
    "Nanjikottai",
    "Cumbam Road",
    "Krishnapuram",
    "VE Road",
    "SN High Road",
    "Udayarpatti",
    "Krishnagiri",
    "Tirupattur",
    "Wanwadi Main Road",
    "Basha Nagar",
    "Katpadi Road",
    "Khaderpet",
    "MBT Road",
    "New Bypass Road",
    "Rangapuram",
    "Ranipet",
    "Anna Nagar",
    "Adilabad",
    "CCI Cross Road",
    "Kagaznagar",
    "Nizamabad",
    "Ponakal",
    "Sirpur",
    "Armoor",
    "Bhadrachalam",
    "Choutuppal",
    "Gadwal",
    "Hanamkonda",
    "Hanmakonda",
    "Alwal",
    "Ananthula Colony, Nagloe",
    "Bahadurpura",
    "Bazaar Ground",
    "Bollarum Railway Station",
    "Brindavan Colony",
    "Chandanagar",
    "Dilsukh Nagar",
    "ECIL",
    "Habsiguda",
    "Hayathnagar",
    "Hayathngr",
    "Himayathnagar",
    "Hydershah Kote",
    "Kachiguda",
    "Khairathabad",
    "Khattedan",
    "Kondapur",
    "KPHB Colony",
    "Langar Houz",
    "Malkajgiri",
    "Masab Tank",
    "Nacharam",
    "Nagole",
    "Panjagutta",
    "Ramachandrapuram",
    "Ramanthapur",
    "Sanath Nagar",
    "Santosh Nagar",
    "Siddiamber Bazar",
    "Sowbhagya Nagar",
    "Toli Chowki",
    "Trimulgery",
    "Uppal",
    "Jagitial",
    "Karimnagar Road",
    "Jangam",
    "Ganesh Nagar",
    "Vemulawada",
    "Bandarugudam",
    "Jublieepura",
    "Khammam",
    "Palwancha",
    "Sri Sri Circle",
    "Padmavathi Colony",
    "Mancherial",
    "Municipal Office Road",
    "Gajwel",
    "Zaheerabad",
    "Basheerabad",
    "Karimnagar",
    "Vivekananda Nagar Colony",
    "Vinayak Nagar",
    "Pothopally",
    "Sainikpuri",
    "Shadnagar",
    "Adarsha Nagar",
    "Ambedkar Nagar",
    "Khammam Cross Road",
    "Nalgonda",
    "Bhongir",
    "Chitta Ranjan Road",
    "Dhaleswar Road",
    "Rajbar",
    "Rambagh",
    "Masoodabad",
    "Bai Ka Bagh",
    "Civil Lines",
    "GTB Nagar",
    "Atrasi Road",
    "Belaisha",
    "Bilariyaganj",
    "Damodarganj",
    "Paharpus",
    "Nainital Road",
    "khatripura",
    "Baberu",
    "Bijili Kheda",
    "Palhari",
    "Mini Nanital Bypass",
    "Chandpur",
    "Water Works Road",
    "Alighar Road",
    "Ruchi Market",
    "Bhikhampur Road",
    "Rudrapur",
    "Salempur",
    "Bakewar",
    "Pakka Talab",
    "Rudauli",
    "Sohawal Chauraha",
    "Thandi Sadak",
    "Peeranpur",
    "C B Market",
    "Bonjha",
    "Modinagar",
    "Vaishali",
    "Ghazipur",
    "Mahuabagh",
    "Rauza",
    "Chedipurwa",
    "Faizabad Road",
    "Chauri Chaura Rudrapur Road",
    "Golghar",
    "Sastri Chowk",
    "Sector22",
    "Beta 2",
    "Bilgram Chungi",
    "Shahabad",
    "Nagla Emliya",
    "Machhali Shahar",
    "Naiganj",
    "Jhokan Bagh",
    "Kachehri Chauraha",
    "Old Motor Stand",
    "Saraimeera",
    "Keshav Nagar",
    "Marray Co Bridge Market",
    "Venajhabar Road",
    "Ramabai Nagar",
    "Sanjay Nagar",
    "Allahabad Road",
    "Behjan Road",
    "Hata",
    "Maveshi Bazar",
    "Talbehat",
    "Aliganj",
    "Gomti Nagar",
    "Hajratganj",
    "Indra Nagar",
    "Indra Nagar, Sector 20",
    "Jankipuram Garden",
    "Kamta",
    "Lalbagh",
    "Nak Hindola",
    "Nautanwan",
    "Mahoba",
    "Chhatikara",
    "Goverdhan",
    "Junction Road",
    "Rajpal Nagar",
    "ABU Lane",
    "Begumpul Road",
    "Delhi Road",
    "Baraudha",
    "Mansarover Colony",
    "Gizhore, Sector 53",
    "Gopal Ganj",
    "Padrauna",
    "Ballabh Nagar Colony",
    "Raniganj",
    "Lalganj",
    "Ratapur",
    "Cilvil line",
    "Badhauli Chauraha",
    "New Colony",
    "Ambala Road",
    "Behat Road",
    "Khalilabad",
    "Mukhlispur Road",
    "Ghanta Ghar",
    "Anpara",
    "Dariya Pur Road",
    "Sarai Subedar Safipur",
    "Hukulganj",
    "Maheshpur Industrial Area",
    "Nadesar",
    "Shiram Mechaniery Market",
    "59 Gandhi Road",
    "Govind Nagar",
    "Jwalapur",
    "Kashipur",
    "MPIC Market",
    "Dehradun Road",
    "Haridwar Road",
    "Danpur",
    "Udham Singh Nagar",
    "Balurghat",
    "Bhairabsthan More",
    "Bishnupur",
    "Kaikhali",
    "Natunchatti",
    "Badamtola",
    "Barabani",
    "Bhiringi",
    "Burdwan",
    "College More",
    "Fagupur",
    "FCI Colony",
    "Katwa",
    "Muchipara",
    "Nadia",
    "New Kenda",
    "Perbirhata",
    "Ranigan More",
    "Thana More",
    "Ushagram",
    "Mahinagar",
    "Maitrabagan",
    "Chaltia",
    "Chuapur",
    "Chuapure",
    "K N Road",
    "Amua",
    "Lalpur",
    "Contai",
    "Alipurduar",
    "College Para",
    "New Town",
    "FCI Mode",
    "Panighata More",
    "Diamond Harbour",
    "Barakar",
    "Benachity",
    "Belda",
    "Bhagawanpur",
    "Digha Contai Road",
    "Haldia",
    "Math Chandipur",
    "Panskura Bazar",
    "Egra",
    "Bira",
    "Jessore Road",
    "Arambagh",
    "Joy Krishna Bazar",
    "Khadina More",
    "Seakhala",
    "Sheoraphuli",
    "Sodepur",
    "Sripur",
    "Andul",
    "Andul Road",
    "Banbehari Bose Road",
    "Jangalpara",
    "Kalimandir",
    "Nabghara",
    "Salkia",
    "Sheakhala Garerbaba",
    "Uluberia",
    "Ashrampara More",
    "Birpara",
    "Din Bazar",
    "Natundihi",
    "Kalyani",
    "Inda",
    "Inda More",
    "Rakhajungle",
    "Ashokegarh",
    "Banamali",
    "Barisha",
    "Beliaghata",
    "Chadni Chowk",
    "Chapadali More",
    "DLF 2",
    "Dr SC Banerjee Road",
    "Dunlop",
    "Ghari Khana Road",
    "Jatindra Mohan Avenue",
    "Kasba",
    "Lauhati",
    "Mahajati Nagar",
    "Manujendra",
    "Nandibagan",
    "Padmapukur",
    "Panihati",
    "Rafi Ahmed Kidwai Road",
    "Salt City Lake",
    "Sonarpur",
    "Talbanda",
    "Tarun Sengupta Sarani",
    "VIP Road",
    "Chanchol",
    "Gangarampur",
    "Goverment Colony",
    "Jyoti Basu Road",
    "Kaliachak",
    "Milki",
    "New Bansbari",
    "Battala",
    "Keranitola",
    "Baniagram",
    "Ratanpur",
    "Umarpur",
    "Phulbagan More",
    "Basirhat",
    "Bongaon",
    "Jagatdal",
    "Jetia",
    "Pakratala",
    "Dak Banglow Road",
    "Rasakhowa",
    "Memari",
    "Dulmi Nadiha Road",
    "Purulia",
    "NS Road",
    "Birbhum",
    "Mahesh Colony",
    "Burdwan Road",
    "Niranjan Nagar",
    "Sevoke Road",
    "Sewak Road",
    "Basanti",
    "Canning",
    "Chowhati More",
    "Garia",
    "Harinavi",
    "Joynagar Mojilpur",
    "Kakdwip",
    "Chowringhe",
    "Debra High Road"
  ],
  "cities_completed": {},
  "cities_fully_completed": [
    "Port Blair",
    "Amalapuram",
    "Anantapur",
    "Bhimavaram",
    "Chittoor",
    "Kadapa",
    "East Godavari",
    "Guntur",
    "Kakinada",
    "Krishna",
    "Kurnool",
    "Nandyal",
    "Narsipatnam",
    "Nellore",
    "Ongole",
    "Prakasam",
    "Proddatur",
    "Rajahmundry",
    "Rayachoti",
    "Srikakulam",
    "Tadipatri",
    "Tirupati",
    "Vijayawada",
    "Visakhapatnam",
    "Vizianagaram",
    "West Godavari",
    "Naharlagun",
    "Barpeta",
    "Bokakhat",
    "Bongaigaon",
    "Cachar",
    "Darrang",
    "Dhemaji",
    "Dibrugarh",
    "Duliajan",
    "Goalpara",
    "Golaghat",
    "Guwahati",
    "Hailakandi",
    "Hojai",
    "Jorhat",
    "Kamrup",
    "Karbi Anglong",
    "Karimganj",
    "Kokrajhar",
    "Nagaon",
    "Sivasagar",
    "Sonitpur",
    "Tinsukia",
    "Arrah",
    "Aurangabad",
    "Banka",
    "Begusarai",
    "Bettiah",
    "Bhagalpur",
    "Chhapra",
    "Darbhanga",
    "Forbesganj",
    "Gaya",
    "Gopalganj",
    "Jamui",
    "Katihar",
    "Khagaria",
    "Kishanganj",
    "Madhubani",
    "Munger",
    "Muzaffarpur",
    "Nawada",
    "Patna",
    "Purnia",
    "Samastipur",
    "Sasaram",
    "Sheikhpura",
    "Sitamarhi",
    "Siwan",
    "Vaishali",
    "West Champaran",
    "Chandigarh",
    "Ambikapur",
    "Baikunthpur",
    "Bhilai",
    "Bilaspur",
    "Champa",
    "Durg",
    "Jagdalpur",
    "Janjgir-champa",
    "Korba",
    "Mungeli",
    "Naila Janjgir",
    "Raigarh",
    "Raipur",
    "Rajnandgaon",
    "Saraipali",
    "New Delhi",
    "Margao",
    "North Goa",
    "Panaji",
    "Ponda",
    "Vasco Da Gama",
    "Ahmedabad",
    "Amreli",
    "Anand",
    "Ankleshwar",
    "Bardoli",
    "Bharuch",
    "Bhavnagar",
    "Bhuj",
    "Bilimora",
    "Borsad",
    "Botad",
    "Dahod",
    "Dakor",
    "Deesa",
    "Gandhinagar",
    "Gandhidham",
    "Godhra",
    "Himmatnagar",
    "Jamnagar",
    "Junagadh",
    "Kachchh",
    "Mehsana",
    "Mansa",
    "Nadiad",
    "Navsari",
    "Palanpur",
    "Panch Mahals",
    "Porbandar",
    "Rajkot",
    "Sabarkantha",
    "Surat",
    "Surendranagar",
    "Vadodara",
    "Valsad",
    "Vapi",
    "Vijapur",
    "Vyara",
    "Ambala",
    "Charkhi Dadri",
    "Faridabad",
    "Fatehabad",
    "Gohana",
    "Gurugram",
    "Hisar",
    "Jind",
    "Kaithal",
    "Karnal",
    "Kurukshetra",
    "Narnaul",
    "Narwana",
    "Panipat",
    "Rohtak",
    "Sonipat",
    "Baddi",
    "Chamba",
    "Hamirpur",
    "Kangra",
    "Kullu",
    "Mandi",
    "Paonta Sahib",
    "Solan",
    "Una",
    "Anantnag",
    "Baramulla",
    "Jammu",
    "Kathua",
    "Kupwara",
    "Pulwama",
    "Srinagar",
    "Udhampur",
    "Bokaro",
    "Chatra",
    "Deoghar",
    "Dhanbad",
    "Dumka",
    "East Singhbhum",
    "Garhwa",
    "Giridih",
    "Godda",
    "Gumla",
    "Hazaribagh",
    "Jamshedpur",
    "Koderma",
    "Lohardaga",
    "Ramgarh",
    "Ranchi",
    "West Singhbhum",
    "Bagalkot",
    "Bengaluru",
    "Belagavi",
    "Belgaum",
    "Bellary",
    "Bidar",
    "Bijapur",
    "Chamrajnagar",
    "Chitradurga",
    "Dakshina Kannada",
    "Davanagere",
    "Dharwad",
    "Dharward",
    "Gadag",
    "Gokak",
    "Gulbarga",
    "Hassan",
    "Haveri",
    "Hosapete",
    "Hubli",
    "Jamkhandi",
    "Kalaburagi",
    "Kolar",
    "Koppal",
    "Kushalnagar",
    "Mangaluru",
    "Mudhol",
    "Mysore",
    "Raichur",
    "Ramanagara",
    "Shimoga",
    "Sindagi",
    "Tiptur",
    "Tumkur",
    "Udupi",
    "Alappuzha",
    "Calicut",
    "Cheranellore",
    "Cherpulassery",
    "Ernakulam",
    "Idukki",
    "Kannur",
    "Kasaragod",
    "Kayamkulam",
    "Kilimanoor",
    "Kochi",
    "Kollam",
    "Kottakkal",
    "Kottarakara",
    "Kottayam",
    "Kozhikode",
    "Malappuram",
    "Nilambur",
    "Palakkad",
    "Pathanamthitta",
    "Perambra",
    "Perintalmanna",
    "Thiruvananthapuram",
    "Thodupuzha",
    "Thrissur",
    "Tirur",
    "Vadakara",
    "Venjarammoodu",
    "Kargil",
    "Leh",
    "Agar",
    "Barwani",
    "Bhopal",
    "Burhanpur",
    "Chhatarpur",
    "Chhindwara",
    "Datia",
    "Dewas",
    "Dhar",
    "Guna",
    "Gwalior",
    "Indore",
    "Jabalpur",
    "Jhabua",
    "Katni",
    "Khandwa",
    "Khargone",
    "Mandsaur",
    "Narmadapuram",
    "Narsinghpur",
    "Neemuch",
    "Rajgarh",
    "Ratlam",
    "Rewa",
    "Sagar",
    "Satna",
    "Sehore",
    "Shahdol",
    "Shajapur",
    "Shujalpur",
    "Sidhi",
    "Ujjain",
    "Ahmednagar",
    "Akola",
    "Alibag",
    "Ambernath",
    "Amravati",
    "Badlapur",
    "Baramati",
    "Beed",
    "Chandrapur",
    "Chiplun",
    "Dhule",
    "Gadhinglaj",
    "Gondia",
    "Ichalkaranji",
    "Indapur",
    "Jalgaon",
    "Jalna",
    "Karad",
    "Karjat",
    "Kolhapur",
    "Latur",
    "Mumbai",
    "Nagpur",
    "Nanded",
    "Nashik",
    "Navi Mumbai",
    "Osmanabad",
    "Pandharpur",
    "Parbhani",
    "Phaltan",
    "Pimpri Chinchwad",
    "Pune",
    "Rahata",
    "Raigad",
    "Sangamner",
    "Sangli",
    "Satara",
    "Shevgaon",
    "Shrirampur",
    "Sindhudurg",
    "Solapur",
    "Thane",
    "Ulhasnagar",
    "Vasai",
    "Virar",
    "Wardha",
    "Yavatmal",
    "Imphal",
    "East Khasi Hills",
    "Aizawl",
    "Lunglei",
    "Dimapur",
    "Angul",
    "Balangir",
    "Balasore",
    "Bhadrak",
    "Bhubaneswar",
    "Brahmapur",
    "Cuttack",
    "Dhenkanal",
    "Ganjam",
    "Jagatsinghapur",
    "Jajpur",
    "Jharsuguda",
    "Kendujhar",
    "Khorda",
    "Nayagarh",
    "Puri",
    "Rayagada",
    "Rourkela",
    "Sambalpur",
    "Karaikal",
    "Puducherry",
    "Villupuram",
    "Amritsar",
    "Fatehgarh Sahib",
    "Fazilka",
    "Firozpur",
    "Gurdaspur",
    "Hoshiarpur",
    "Jalandhar",
    "Ludhiana",
    "Mohali",
    "Muktsar",
    "Nangal",
    "Patiala",
    "Rupnagar",
    "Sangrur",
    "Zirakpur",
    "Ajmer",
    "Alwar",
    "Bagru",
    "Banswara",
    "Baran",
    "Barmer",
    "Behror",
    "Bharatpur",
    "Bhilwara",
    "Bikaner",
    "Bundi",
    "Chirawa",
    "Chittorgarh",
    "Churu",
    "Dausa",
    "Dholpur",
    "Hanumangarh",
    "Jaipur",
    "Jhalawar",
    "Jhunjhunu",
    "Jodhpur",
    "Karauli",
    "Kota",
    "Kuchaman",
    "Nagaur",
    "Rajsamand",
    "Sawai Madhopur",
    "Sikar",
    "Sirohi",
    "Sriganganagar",
    "Suratgarh",
    "Udaipur",
    "Chengalpattu",
    "Chennai",
    "Chidambaram",
    "Coimbatore",
    "Cuddalore",
    "Cumbum",
    "Dindigul",
    "Erode",
    "Hosur",
    "Kanchipuram",
    "Kanyakumari",
    "Karur",
    "Kovilpatti",
    "Krishnagiri",
    "Kumbakonam",
    "Madurai",
    "Nagapattinam",
    "Nagercoil",
    "Namakkal",
    "Palani",
    "Perambalur",
    "Pollachi",
    "Pudukkottai",
    "Rajapalayam",
    "Ramanathapuram",
    "Salem",
    "Sivaganga",
    "Tenkasi",
    "Thanjavur",
    "Theni",
    "Thoothukudi",
    "Tirunelveli",
    "Tirupathur",
    "Tiruppur",
    "Vellore",
    "Virudhunagar",
    "Adilabad",
    "Armoor",
    "Bhadrachalam",
    "Choutuppal",
    "Gadwal",
    "Hanamkonda",
    "Hyderabad",
    "Jagtial",
    "Jangaon",
    "Rangareddy",
    "Karimnagar",
    "Khammam",
    "Mahabubnagar",
    "Mancherial",
    "Medak",
    "Medchal Malkajgiri",
    "Nalgonda",
    "Nizamabad",
    "Sangareddy",
    "Secunderabad",
    "Shadnagar",
    "Siddipet",
    "Suryapet",
    "Warangal",
    "Yadadri Bhuvanagiri",
    "Agartala",
    "North Tripura",
    "Agra",
    "Aligarh",
    "Prayagraj",
    "Amroha",
    "Azamgarh",
    "Baheri",
    "Bahraich",
    "Banda",
    "Barabanki",
    "Bareilly",
    "Basti",
    "Bijnor",
    "Budaun",
    "Bulandshahr",
    "Deoria",
    "Etawah",
    "Faizabad",
    "Farrukhabad",
    "Fatehpur",
    "Firozabad",
    "Ghaziabad",
    "Ghazipur",
    "Gonda",
    "Gorakhpur",
    "Greater Noida",
    "Hardoi",
    "Hathras",
    "Jaunpur",
    "Jhansi",
    "Kannauj",
    "Kanpur",
    "Kanpur Dehat",
    "Karwi",
    "Kasganj",
    "Lakhimpur Kheri",
    "Kushinagar",
    "Lalitpur",
    "Lucknow",
    "Maharajganj",
    "Mahoba",
    "Mathura",
    "Meerut",
    "Mirzapur",
    "Moradabad",
    "Mughalsarai",
    "Muzaffarnagar",
    "Noida",
    "Orai",
    "Padrauna",
    "Pilibhit",
    "Pratapgarh",
    "Raebareli",
    "Rampur",
    "Robertsganj",
    "Saharanpur",
    "Sant Kabir Nagar",
    "Shahjahanpur",
    "Sitapur",
    "Sonbhadra",
    "Sultanpur",
    "Unnao",
    "Varanasi",
    "Dehradun",
    "Haridwar",
    "Kashipur",
    "Nainital",
    "Rishikesh",
    "Roorkee",
    "Rudrapur",
    "Udham Singh Nagar",
    "Balurghat",
    "Bankura",
    "Bardhaman",
    "Baruipur",
    "Bashirhat",
    "Berhampore",
    "Birbhum",
    "Chakdaha",
    "Contai",
    "Cooch Behar",
    "Dankuni",
    "Darjeeling",
    "Diamond Harbour",
    "Durgapur",
    "East Midnapore",
    "Egra",
    "Habra",
    "Hooghly",
    "Howrah",
    "Islampur",
    "Jalpaiguri",
    "Jhargram",
    "Kalyani",
    "Kharagpur",
    "Kolkata",
    "Krishnanagar",
    "Malda",
    "Midnapore",
    "Murshidabad",
    "Nadia",
    "North 24 Parganas",
    "North Dinajpur",
    "Purba Bardhaman",
    "Purulia",
    "Puruliya",
    "Raiganj",
    "Rampurhat",
    "Santipur",
    "Serampore",
    "Siliguri",
    "South 24 Parganas",
    "South Dinajpur",
    "Suri"
  ],
  "localities_completed": {
    "Andaman And Nicobar Islands": {
      "Port Blair": [
        "MA Road"
      ]
    },
    "Andhra Pradesh": {
      "Amalapuram": [
        "East Godavari"
      ],
      "Anantapur": [
        "Akkpedianera",
        "Autonagar main road",
        "Bypass Road",
        "Kamalanagar",
        "Main Road",
        "New 80 Feet Road",
        "Prasahanthi Nagar",
        "R F Road"
      ],
      "Bhimavaram": [
        "Undi Road"
      ],
      "Chittoor": [
        "Chittoor",
        "Palamaner Road",
        "Prakasham High Road",
        "Sri Ram Nagar Colony",
        "Tirupathi Road",
        "VMC Circle"
      ],
      "Kadapa": [
        "Bagh Masjid Road",
        "Krishna Circle",
        "Nagaragupeta",
        "Tadipatri Road"
      ],
      "East Godavari": [
        "Aryapuram",
        "Suryaraopeta"
      ],
      "Guntur": [
        "Ashok Nagar",
        "GBC Road",
        "Kasturba Rd",
        "Morrispet"
      ],
      "Kakinada": [
        "Jaganadhapuram",
        "Ramasomayajulu Street"
      ],
      "Krishna": [
        "Hanuman Junction"
      ],
      "Kurnool": [
        "Autonagar",
        "New Bus Stand Road",
        "RP Rajeev Nagar",
        "Sai Babanagar",
        "Seetharama Nagar",
        "TB Road"
      ],
      "Nandyal": [
        "RS Road",
        "Tekke"
      ],
      "Narsipatnam": [
        "Narsipatnam"
      ],
      "Nellore": [
        "Auto Nagar",
        "Dargamitta",
        "Fathekhanpet",
        "Ramamurthy Nagar"
      ],
      "Ongole": [
        "Addanki Bus Stand",
        "Guntur Road"
      ],
      "Prakasam": [
        "Kanigiri",
        "Trunk Road"
      ],
      "Proddatur": [
        "MIDC Road",
        "Mydukur Road"
      ],
      "Rajahmundry": [
        "Ghandipuram"
      ],
      "Srikakulam": [
        "Balaji Junction",
        "Hiramandalam",
        "Meher Nager",
        "Palakonda Road",
        "Ranastalam",
        "Sainagar"
      ],
      "Tadipatri": [
        "Gandhi Kota"
      ],
      "Tirupati": [
        "Ambedkar",
        "Biragi Pattadi",
        "CHENNAI BY PASS ROAD",
        "Tiruchanur Road",
        "TTD New Road"
      ],
      "Vijayawada": [
        "100 Feet Road",
        "Ajaith Singh Nagar",
        "Governorpet",
        "Jawahar Auto Nagar",
        "Prakasam Road"
      ],
      "Visakhapatnam": [
        "Akkayapalem",
        "Feet Road",
        "Gajuwaka",
        "Gajuwaka Junction",
        "Pendurthi",
        "Vijaya Jyothi Arcade"
      ],
      "Vizianagaram": [
        "Jonnaguddi Road"
      ],
      "West Godavari": [
        "Savitrupet"
      ]
    },
    "Arunachal Pradesh": {
      "Naharlagun": [
        "Naharlagun, Sector A"
      ]
    },
    "Assam": {
      "Barpeta": [
        "Amtola",
        "Simlaguri"
      ],
      "Bokakhat": [
        "Bokakhat"
      ],
      "Bongaigaon": [
        "Chapaguri Road",
        "Rollling Mill Bazar"
      ],
      "Cachar": [
        "Bongram",
        "Brahman",
        "Udharbond"
      ],
      "Darrang": [
        "NT Road",
        "Tangla"
      ],
      "Dhemaji": [
        "Bharali Chowk"
      ],
      "Dibrugarh": [
        "Gurudwara Market"
      ],
      "Duliajan": [
        "Duliajan"
      ],
      "Goalpara": [
        "Agia Raod"
      ],
      "Golaghat": [
        "GF Road"
      ],
      "Guwahati": [
        "Basishtha Chariali",
        "Das Auto Bazar",
        "Kamrup",
        "Rajgarh Road",
        "Ulubari"
      ],
      "Hailakandi": [
        "Anipur"
      ],
      "Hojai": [
        "JK Kedia Road"
      ],
      "Jorhat": [
        "JPR Road",
        "Rupahi Ali",
        "Thana Road"
      ],
      "Kamrup": [
        "Adagodam",
        "Dhirenpara",
        "Geeta Nagar"
      ],
      "Karbi Anglong": [
        "Jagiroad"
      ],
      "Karimganj": [
        "Badarpur",
        "Patharkandi",
        "Silchar Road"
      ],
      "Kokrajhar": [
        "Vivekananda Path"
      ],
      "Nagaon": [
        "Haibar Gaon",
        "Haibargaon",
        "Haiborgaon"
      ],
      "Sivasagar": [
        "Na Ali AT Road",
        "Station Chariali"
      ],
      "Sonitpur": [
        "BR Road"
      ],
      "Tinsukia": [
        "AT Road",
        "Napukhiri",
        "Tinali"
      ]
    },
    "Bihar": {
      "Arrah": [
        "Ara Bhelai Road",
        "Barimathia Station Road",
        "Rajendra Nagar"
      ],
      "Banka": [
        "Gola Chowk"
      ],
      "Begusarai": [
        "Bihat"
      ],
      "Bettiah": [
        "Bazar Samiti Road"
      ],
      "Bhagalpur": [
        "Kahalgaon"
      ],
      "Chhapra": [
        "Bazar Samity Road",
        "Gandhi Chowk",
        "Govtermnet Bus Stand",
        "Sahebganj Chowk"
      ],
      "Darbhanga": [
        "Quilaghat"
      ],
      "Forbesganj": [
        "Forbesganj"
      ],
      "Gaya": [
        "North Gandhi Maidan",
        "SP Road"
      ],
      "Gopalganj": [
        "Banjari More",
        "Thawe"
      ],
      "Jamui": [
        "Eklavya College Chowk",
        "Lakhisarai Road",
        "Nawada Sikandara Main Road"
      ],
      "Katihar": [
        "Amla Tola",
        "Durgapur"
      ],
      "Khagaria": [
        "MG Road"
      ],
      "Kishanganj": [
        "Thakurganj"
      ],
      "Madhubani": [
        "Bata Chowk"
      ],
      "Munger": [
        "Badi Bazar"
      ],
      "Muzaffarpur": [
        "Bagwanpur Chowk",
        "Hathi Chowk",
        "Kanhauli",
        "Laxmi Narayan Road"
      ],
      "Nawada": [
        "Prasad Bigha"
      ],
      "Patna": [
        "Anisabad",
        "Budha Marg",
        "Cantonment",
        "Danapur",
        "East Boring Canal Road",
        "Exhibition Road",
        "Kankarbagh",
        "Vishwasaraiya Nagar"
      ],
      "Purnia": [
        "Ford Company Chowk",
        "Mehboob Khan Tola"
      ],
      "Samastipur": [
        "Chandan Chowk",
        "Tajpur Market"
      ],
      "Sasaram": [
        "Noorganj"
      ],
      "Sheikhpura": [
        "Kachahri Road"
      ],
      "Sitamarhi": [
        "Jawahar Chowk"
      ],
      "Siwan": [
        "Raghubarpura Road",
        "Rajendra Path"
      ],
      "Vaishali": [
        "Tinpulwa Chowk"
      ],
      "West Champaran": [
        "Dak Bunglow Road"
      ]
    },
    "Chandigarh": {
      "Chandigarh": [
        "Industrial Area",
        "Manimajra",
        "Sector 41B"
      ]
    },
    "Chhattisgarh": {
      "Ambikapur": [
        "Darri Para",
        "Kharsia Road"
      ],
      "Baikunthpur": [
        "Grambhadi"
      ],
      "Bhilai": [
        "Ge Road",
        "Supela"
      ],
      "Bilaspur": [
        "Deoki Nandan School Square",
        "Gulab Nagar",
        "Jarhabhata",
        "Vyapar Vihar"
      ],
      "Champa": [
        "Birra Road"
      ],
      "Durg": [
        "Nandini Road"
      ],
      "Jagdalpur": [
        "Geedam Road"
      ],
      "Janjgir-champa": [
        "Akaltara",
        "Station Road"
      ],
      "Korba": [
        "Transport Nagar"
      ],
      "Mungeli": [
        "Gaurav Path"
      ],
      "Naila Janjgir": [
        "Ralway Station Road"
      ],
      "Raigarh": [
        "Dhimrapur Chowk"
      ],
      "Raipur": [
        "Bhanpuri",
        "Gurudwara Road",
        "Maudaha Para",
        "Siltara Industrial Area"
      ]
    },
    "Delhi": {
      "New Delhi": [
        "Alipur",
        "Arjun Nagar",
        "Bihari Colony",
        "BMK Giri Nagar",
        "Connaught Place",
        "Daryagunj",
        "Ghazipur Dairy",
        "Guru Teg Bahadur Nagar",
        "Hari Nagar",
        "Jhandewalan Extension",
        "Kalkaji",
        "Krishna Nagar",
        "Mahipalpur",
        "Mayapuri",
        "Mayur Vihar",
        "Najafgarh",
        "Old Pankha Road",
        "Sahapur Jat",
        "Sanjay Gandhi Transport Nagar",
        "Shahdara",
        "Sukhdev Market",
        "West Jyoti Nagar"
      ]
    },
    "Goa": {
      "Margao": [
        "Navelim"
      ],
      "North Goa": [
        "Mapusa",
        "Setu Nagam"
      ],
      "Panaji": [
        "18th June Road"
      ],
      "Ponda": [
        "Nirankal"
      ],
      "Vasco Da Gama": [
        "Vaddem"
      ]
    },
    "Gujarat": {
      "Ahmedabad": [
        "Amraiwadi",
        "Jodhpur Cross Road",
        "Maninagar",
        "Naranpura",
        "Narol",
        "Navrangpura",
        "Raipur",
        "Sardarganj",
        "Sarkhej",
        "Satellite",
        "Sky Sol Cross Road",
        "Thaltej",
        "Visat Chandkheda Road"
      ],
      "Amreli": [
        "Rupam Cinema Road"
      ],
      "Anand": [
        "Chikhodra Road",
        "Janta Chokdi"
      ],
      "Ankleshwar": [
        "GIDC Main Road",
        "Rajpipla Chowkdi",
        "Valia Chokdi"
      ],
      "Bharuch": [
        "Kasak Fuwara",
        "Narmada Nagar",
        "Zadeshwar"
      ],
      "Bhavnagar": [
        "Devubaug",
        "Gangajalia Talav",
        "Railway Station Road",
        "Sahakari Hat",
        "Sutarvadi",
        "Vichiya Road"
      ],
      "Bhuj": [
        "Gurudwara Chowk",
        "Relocation Site"
      ],
      "Bilimora": [
        "Chimodiya"
      ],
      "Borsad": [
        "Anand Chokdi"
      ],
      "Botad": [
        "Haveli Chowk"
      ],
      "Dahod": [
        "Sardar Chowk"
      ],
      "Dakor": [
        "Umreth Road"
      ],
      "Deesa": [
        "Highway Road"
      ],
      "Gandhidham": [
        "Sector 9",
        "Sector 9C"
      ],
      "Godhra": [
        "Gadukpur",
        "Godhra",
        "Jalaram Mandir Road"
      ],
      "Jamnagar": [
        "Mehulnagar",
        "Satyam Colony Road",
        "Swaminarayan Nagar"
      ],
      "Junagadh": [
        "Datar Road",
        "Rajkot Road"
      ],
      "Kachchh": [
        "Adipur",
        "Ganga Naka",
        "Mundra",
        "Nakhatrana"
      ],
      "Mehsana": [
        "Mehsana"
      ],
      "Mansa": [
        "Mansa Gandhinagar Highway"
      ],
      "Nadiad": [
        "Ashram Road",
        "Kapadvanj",
        "Sherkand Talav Road"
      ],
      "Navsari": [
        "Chikhli",
        "Grid",
        "Kabilpore"
      ],
      "Palanpur": [
        "Ahmedabad Highway"
      ],
      "Panch Mahals": [
        "Godhra Highway"
      ],
      "Porbandar": [
        "Bokhira"
      ],
      "Rajkot": [
        "Anand Nagar",
        "Gondal Road",
        "Mahendra Nagar Road",
        "Malaviya Chowk",
        "Mavdi Plot",
        "Rajkot Ahmedabad Highway",
        "Ring Road",
        "Shivnagar"
      ],
      "Sabarkantha": [
        "Prantij"
      ],
      "Surat": [
        "Hazira Road",
        "Parvat Patiya",
        "Puna Simada Road",
        "Punagam",
        "Rander Road"
      ],
      "Surendranagar": [
        "Dhrangdhra Maliya Highway"
      ],
      "Vadodara": [
        "Alipura",
        "Dashrath",
        "Productivity Road",
        "Sampatrao Colony",
        "Vega"
      ],
      "Valsad": [
        "Dashera Tekadi"
      ],
      "Vapi": [
        "Char Rasta",
        "GIDC",
        "Imran Nagar"
      ],
      "Vijapur": [
        "Himmtnagar Highway"
      ],
      "Vyara": [
        "Vyara"
      ]
    },
    "Haryana": {
      "Ambala": [
        "Barwala",
        "Gandhi Nagar",
        "Ghel",
        "Motor Market",
        "Netaji Subhash Marg"
      ],
      "Charkhi Dadri": [
        "Auto Market",
        "Charkhi Dadri"
      ],
      "Faridabad": [
        "NIT Chowk",
        "Nit Road"
      ],
      "Fatehabad": [
        "GT Road"
      ],
      "Gohana": [
        "Gohana"
      ],
      "Gurugram": [
        "Bhim Nagar, Sector 7",
        "Hayat Pur, Sector 94",
        "Rajeev Nagar, Sector 14",
        "Rampura, Sector 82",
        "Rupa Naharpur",
        "Sohna",
        "Sohna Chowk"
      ],
      "Jind": [
        "Safidon Road"
      ],
      "Kaithal": [
        "Amar Garh Colony",
        "Jind Road",
        "RK Puram"
      ],
      "Kurukshetra": [
        "Slarpur Road"
      ],
      "Narnaul": [
        "Mahendra Garh"
      ],
      "Narwana": [
        "Narwana"
      ],
      "Panipat": [
        "Sanjay Chowk",
        "Sector 25"
      ],
      "Rohtak": [
        "Bhiwani Stand",
        "Rohtak Hissar Road"
      ],
      "Sonipat": [
        "Bahalgarh",
        "G T Road",
        "Janta Colony"
      ]
    },
    "Himachal Pradesh": {
      "Baddi": [
        "Baddi",
        "Mehta Market"
      ],
      "Chamba": [
        "Sultanpur"
      ],
      "Hamirpur": [
        "Pakka Bharo"
      ],
      "Kangra": [
        "Old Matour",
        "Thakur Dwara"
      ],
      "Kullu": [
        "Shamshi"
      ],
      "Mandi": [
        "Sauli Khud",
        "Sundernagar"
      ],
      "Paonta Sahib": [
        "Bhuppur"
      ],
      "Solan": [
        "Deonghat"
      ],
      "Una": [
        "Mahatpur",
        "Nangal Road"
      ]
    },
    "Jammu And Kashmir": {
      "Anantnag": [
        "Awantipora",
        "KP Road",
        "Qazigund",
        "Yaripora"
      ],
      "Baramulla": [
        "Amargarh",
        "Magam"
      ],
      "Jammu": [
        "Bohri",
        "Gumat",
        "Roop Nagar",
        "Sector 3"
      ],
      "Kathua": [
        "Chadwal Morh",
        "Old Bus Stand"
      ],
      "Kupwara": [
        "Handwara"
      ],
      "Pulwama": [
        "Pulwama"
      ],
      "Srinagar": [
        "Batamaloo",
        "Beehama",
        "Karan Nagar",
        "Qamarwari"
      ],
      "Udhampur": [
        "Shiv Nagar"
      ]
    },
    "Jharkhand": {
      "Bokaro": [
        "Chas",
        "Nimia More",
        "Petarwar",
        "Phusro",
        "Sector 4"
      ],
      "Chatra": [
        "Barhi",
        "Jatra Bagh",
        "Tandwa"
      ],
      "Deoghar": [
        "Jhousagarhi",
        "Netaji Road",
        "Sarwan Road"
      ],
      "Dhanbad": [
        "Bhaga",
        "Chanakya Nagar",
        "Katras More",
        "Matkuria",
        "Shastri Nagar"
      ],
      "Dumka": [
        "Bhagalpur road",
        "Pokhra Chowk"
      ],
      "East Singhbhum": [
        "Adarsh Nagar",
        "Golmuri",
        "Golmuri Market",
        "Mango",
        "Sonari"
      ],
      "Garhwa": [
        "Pandwa",
        "Ranka More"
      ],
      "Giridih": [
        "Bara Chowk"
      ],
      "Godda": [
        "Mahagama",
        "Postoffice Road"
      ],
      "Gumla": [
        "High School Road"
      ],
      "Hazaribagh": [
        "Bansilal Chowk",
        "Club Road",
        "Kuju Chowk"
      ],
      "Jamshedpur": [
        "Adityapur",
        "Bistupur",
        "Sackhi"
      ],
      "Koderma": [
        "Ranchi Patna Road"
      ],
      "Lohardaga": [
        "Sahid Chowk",
        "Tipu Sultan Chowk Road"
      ],
      "Ramgarh": [
        "Ramgarh Cantt"
      ],
      "Ranchi": [
        "Bariatu",
        "Booty More",
        "Hinoo",
        "Irba",
        "Karbala Chowk",
        "Khunti",
        "Pancham Nagar",
        "Ratan Talkies Chowk",
        "Sakchi",
        "Tharpakna",
        "Tupudana"
      ]
    },
    "Karnataka": {
      "Bagalkot": [
        "Galagali",
        "Kaladagi Road",
        "Vidyagiri"
      ],
      "Bengaluru": [
        "1st Cross Road",
        "4th Main Road",
        "Agara",
        "Basaveshwara Nagar",
        "Basaveshwaranagara",
        "Belthur",
        "Byrappa Circle",
        "Chandapura",
        "Electronic City",
        "Ganga Nagar",
        "Gowribidanur Main Road",
        "Hanumantha Nagara",
        "HBR Layout",
        "Hesarghatta Road",
        "Hosapalaya",
        "Hoskote",
        "Hosur Road",
        "Karnick Road",
        "Kengeri",
        "KR Puram",
        "Mantapa Road",
        "MRCR Layout",
        "Nagarbhavi",
        "New Town Yelahanka",
        "Prakashnagar",
        "Shanthi Nagar",
        "Singasandra",
        "Subbaiyapalya Extn",
        "Vibuthipura Main Road",
        "Virgonagar",
        "Widia Layout",
        "Yelahanka"
      ],
      "Belagavi": [
        "Kapleshwar Colony"
      ],
      "Belgaum": [
        "Angol",
        "Athani Gokak Main Road",
        "Bijapur Road",
        "Fort Road",
        "Karoshi Road"
      ],
      "Bellary": [
        "Ananthpur Road",
        "Siruguppa"
      ],
      "Bidar": [
        "Chidri Road",
        "Stadium Road"
      ],
      "Bijapur": [
        "Inamdar Colony Cross",
        "Station Back Road"
      ],
      "Chamrajnagar": [
        "Deviation Road"
      ],
      "Chitradurga": [
        "Bellary Road",
        "Kumbarpet Road"
      ],
      "Dakshina Kannada": [
        "Darbe"
      ],
      "Davanagere": [
        "PB Road",
        "Shikaripura Road"
      ],
      "Dharward": [
        "Maratha Colony Dharwad"
      ],
      "Gadag": [
        "Hubli Road",
        "Mullugund Naka"
      ],
      "Gokak": [
        "Koli Circle"
      ],
      "Gulbarga": [
        "Chittapur Road",
        "Shahapur",
        "Yateem Khana Complex"
      ],
      "Hassan": [
        "Santhepet Hassan"
      ],
      "Haveri": [
        "Mruthyunjaya Nagar"
      ],
      "Hubli": [
        "Sai Nagar"
      ],
      "Jamkhandi": [
        "Bijapur Kudchi Road"
      ],
      "Kalaburagi": [
        "Gunj",
        "Humnabad Road",
        "Nehru Gunj",
        "SVP Chowk"
      ],
      "Kolar": [
        "Malur",
        "MB Road",
        "Rahmath Nagar",
        "Vapasandra"
      ],
      "Koppal": [
        "Gadag Road"
      ],
      "Kushalnagar": [
        "BM Road"
      ],
      "Mangaluru": [
        "Kodialbail",
        "Kulur, Dakshina Kannada"
      ],
      "Mudhol": [
        "Jamakhandi Road"
      ],
      "Mysore": [
        "Chamaraja Double Road",
        "Ittigegud",
        "Lakshmipuram"
      ],
      "Raichur": [
        "Gangavathi Road",
        "Gowshala Road",
        "Manchalepur"
      ],
      "Ramanagara": [
        "B M Road",
        "Ijoor"
      ],
      "Shimoga": [
        "Bhadravathi",
        "Shimoga Road"
      ],
      "Sindagi": [
        "Patil Nagar"
      ],
      "Tiptur": [
        "Vinayaka Nagar"
      ],
      "Tumkur": [
        "BH Road",
        "Lingapura"
      ],
      "Udupi": [
        "Kundapur",
        "Saligrama",
        "Salmara Road"
      ]
    },
    "Kerala": {
      "Alappuzha": [
        "Alappuzha",
        "Arattuvazhi"
      ],
      "Calicut": [
        "Koyilandy",
        "Manorama Junction"
      ],
      "Cheranellore": [
        "Cheranallur"
      ],
      "Cherpulassery": [
        "Palakkad Road"
      ],
      "Ernakulam": [
        "Aluva",
        "Arakuzha Road",
        "Kacheri Padi",
        "Perumbavoor",
        "Vytilla Junction"
      ],
      "Idukki": [
        "Kattappana",
        "St Jude Church Junction",
        "Thodupuzha"
      ],
      "Kannur": [
        "Iritty",
        "Kannathumchal",
        "Sreekandapuram Road",
        "Varam"
      ],
      "Kasaragod": [
        "Kanhangad South Road",
        "Kunnummal",
        "Nileshwaram"
      ],
      "Kayamkulam": [
        "Kannampally Bhagam"
      ],
      "Kilimanoor": [
        "Market Road"
      ],
      "Kochi": [
        "Deshabhimani"
      ],
      "Kollam": [
        "Kottarakkara",
        "Kottayam"
      ],
      "Kottakkal": [
        "Kottakkal"
      ],
      "Kottarakara": [
        "Pulamon PO Junction"
      ],
      "Kottayam": [
        "Erattupetta",
        "Kodimatha",
        "MC Road",
        "NH 220"
      ],
      "Kozhikode": [
        "Arayidathupalam",
        "Calicat Road",
        "Naduvannur",
        "Panniyankara",
        "Payyoli",
        "Thamarassery",
        "Wayanad Road"
      ],
      "Malappuram": [
        "Alathurpadi",
        "Chemmad",
        "Downhill",
        "Kavannoor",
        "Nelliparambu",
        "Nilambur",
        "Nilambur Road",
        "Wandoor"
      ],
      "Palakkad": [
        "Priyadarsini Road",
        "Thottakkara"
      ],
      "Pathanamthitta": [
        "Mylapra",
        "Pathanamthitta",
        "Pazhavangadi"
      ],
      "Perambra": [
        "Ulliyeri Road"
      ],
      "Perintalmanna": [
        "Perinthalmanna Calicut Road"
      ],
      "Thiruvananthapuram": [
        "Kaithamukku",
        "Kanjiramkulam",
        "Kazhakuttom",
        "Pettah Road",
        "Plamood Junction",
        "Santhi Nagar"
      ],
      "Thodupuzha": [
        "Moovattupuzha Road"
      ],
      "Thrissur": [
        "NH Bypass South Junction",
        "Paravattani",
        "Puthukkad"
      ],
      "Tirur": [
        "Tirur"
      ],
      "Vadakara": [
        "Narayana Nagar",
        "VO Road"
      ],
      "Venjarammoodu": [
        "Venjaramood"
      ]
    },
    "Ladakh": {
      "Kargil": [
        "Chanchick"
      ],
      "Leh": [
        "Leh",
        "Skalzangling Leh"
      ]
    },
    "Madhya Pradesh": {
      "Agar": [
        "Patel Park"
      ],
      "Barwani": [
        "AB Road"
      ],
      "Bhopal": [
        "Arera Colony",
        "Mandideep",
        "Mp Nagar",
        "Padmanabh Nagar",
        "Raisen Road",
        "Sehore Naka"
      ],
      "Burhanpur": [
        "Rastipura"
      ],
      "Chhatarpur": [
        "Jawahar Road",
        "Naugaon Road"
      ],
      "Chhindwara": [
        "College Road",
        "Vaishnav Complex"
      ],
      "Datia": [
        "Bhander Road"
      ],
      "Dewas": [
        "Krishi Upaj Mandi",
        "Ramnagar Chauraha",
        "Ujjain Road"
      ],
      "Dhar": [
        "Pithampur",
        "Sector 1"
      ],
      "Guna": [
        "Ab Road"
      ],
      "Gwalior": [
        "Jinsi Nala No 1",
        "Lashkar",
        "MLB Road",
        "Padav",
        "Saraswati Nagar"
      ],
      "Indore": [
        "Bartan Bazar",
        "Chhoti Gwaltoli",
        "Indore Road",
        "Lasudia",
        "Laxudia Mori",
        "Mahalaxmi Nagar",
        "Malharganj",
        "Mechanic Nagar",
        "Ranjeet Hanuman Main Road",
        "Special Gandi Nagar",
        "Subhash Nagar",
        "Sukhliya",
        "Vijay Nagar Main Road"
      ],
      "Jabalpur": [
        "Civil Line",
        "Napier Town",
        "Ranjhi",
        "Sehora"
      ],
      "Jhabua": [
        "Chetanya Marg"
      ],
      "Katni": [
        "Dr Chandak Chowraha",
        "Mirzapur Road"
      ],
      "Khandwa": [
        "Bhawani Mata Road",
        "Punasa Road"
      ],
      "Khargone": [
        "Khandwa Road",
        "Maheswar Road",
        "Mandleshwar"
      ],
      "Mandsaur": [
        "Mhow Neemuch Road",
        "Sitamau Phatak"
      ],
      "Narmadapuram": [
        "Rasuliya",
        "Shobapur Road"
      ],
      "Narsinghpur": [
        "Station Gunj"
      ],
      "Neemuch": [
        "Fawara Chowk",
        "Mhow Road"
      ],
      "Rajgarh": [
        "Kurawar"
      ],
      "Ratlam": [
        "Jaora",
        "Jaora Fatak Ratlam"
      ],
      "Rewa": [
        "Jai Stumbh Chowraha",
        "Nehru Nagar"
      ],
      "Sagar": [
        "Bhagwanganj"
      ],
      "Satna": [
        "Jagat Dev Talab Road"
      ],
      "Sehore": [
        "Indore Naka"
      ],
      "Shahdol": [
        "New Gandhi Chowk",
        "Shahdol Road"
      ],
      "Shajapur": [
        "Tanki Chouraha"
      ],
      "Sidhi": [
        "Bus Stand Road"
      ],
      "Ujjain": [
        "Freeganj",
        "Freegunj",
        "Koyla Fatak"
      ]
    },
    "Maharashtra": {
      "Ahmednagar": [
        "Industrial Estate Nagar",
        "Kukana",
        "Lal Taki Road",
        "Laltaki",
        "Mahatma Phule Chowk",
        "Manamd Road",
        "Market Yard",
        "Nagar Road",
        "Newasa Phata",
        "Pipeline Chowk",
        "Savedi",
        "Shanti Nagar",
        "Shegaon Road",
        "Subhadranagar"
      ],
      "Akola": [
        "Deepak Chowk",
        "Kasod Shivpur"
      ],
      "Alibag": [
        "Poinad"
      ],
      "Ambernath": [
        "Ambernath"
      ],
      "Amravati": [
        "Habib Nagar",
        "Jaistambh Square",
        "Khatri Market",
        "Navrang Chowk",
        "Rajapheth",
        "Sahakar Nagar"
      ],
      "Badlapur": [
        "Katrap",
        "Katrap Highway Rd"
      ],
      "Baramati": [
        "Udyog Bhavan"
      ],
      "Beed": [
        "Ambedkar Chowk",
        "Jalana Road",
        "Jalna Beed Road",
        "Kaij",
        "Nagsen Nagar"
      ],
      "Chandrapur": [
        "Bapat Nagar",
        "Warora"
      ],
      "Chiplun": [
        "Jama Masjid Moholla"
      ],
      "Dhule": [
        "Malegaon Road",
        "Mumbai Agra Highway",
        "Nandurbar Chofli"
      ],
      "Gadhinglaj": [
        "Church Road"
      ],
      "Gondia": [
        "Rail Toli Road"
      ],
      "Ichalkaranji": [
        "Ichail Karanjiri"
      ],
      "Indapur": [
        "Raja Kelkar Road"
      ],
      "Jalgaon": [
        "Ajintha Chowk",
        "Burhanpur Road",
        "S T Workshop",
        "Shirsoli Naka"
      ],
      "Jalna": [
        "Raut Nagar"
      ],
      "Karad": [
        "Malakapur",
        "Shahu Chowk"
      ],
      "Karjat": [
        "Mudre"
      ],
      "Kolhapur": [
        "E Ward",
        "Hupari",
        "Mahalaxminagar",
        "Mali Colony",
        "Rajarampuri",
        "Shirolwadi Road",
        "Shivaji Chowk",
        "Shivaji University",
        "Sykes Extension",
        "Udyam Nagar",
        "Warnanagar"
      ],
      "Latur": [
        "Bashiwar Chowk",
        "MG College Road",
        "Nanded Road"
      ],
      "Mumbai": [
        "Andheri East",
        "Andheri Kurla Road",
        "Antop Hill",
        "Chembur",
        "Hanuman Cross Rd",
        "Kurla West",
        "Malad West",
        "Navhar Road",
        "Retibunder",
        "Sarvodaya Nagar",
        "Veer Savarkar Marg",
        "Wadala",
        "Worli"
      ],
      "Nagpur": [
        "Ajni Square",
        "Bajaj Nagar",
        "Byass Chowk",
        "Central Avenue",
        "Chandra Nagar",
        "Kamptee Road",
        "Katol Road",
        "Manav Nagar",
        "Mount Road Ext",
        "Mount Road Extension",
        "Pathrabe Wadi",
        "Unpkhana Medincal Road",
        "Wadi"
      ],
      "Nanded": [
        "Bafana",
        "Hingoli Gate",
        "Shri Nagar"
      ],
      "Nashik": [
        "GPO Road",
        "Mahatma Nagar",
        "Nasik Rd",
        "Pimpalgaon",
        "Rajiv Nagar",
        "Samta Nagar",
        "Sarda Circle",
        "Sarda Circle Road",
        "Taharabad Road",
        "Umrame Road"
      ],
      "Navi Mumbai": [
        "Airoli, Sector 9",
        "Kalamboli",
        "Kharghar",
        "M G Road",
        "Sector 14",
        "Vashi"
      ],
      "Osmanabad": [
        "Khaja Nagar",
        "Parli Road"
      ],
      "Pandharpur": [
        "Mechanical Chowk"
      ],
      "Parbhani": [
        "Bus Stand Area",
        "Gangakhed",
        "Kalyani Nagar",
        "Purna"
      ],
      "Phaltan": [
        "Dhuldev",
        "Kolki"
      ],
      "Pimpri Chinchwad": [
        "Thermax Chowk"
      ],
      "Pune": [
        "Adarsha Colony",
        "Alandi Road",
        "Athiyaman beach",
        "Bharti Vidyapeeth Road",
        "Bhor",
        "Bhosale Wasti",
        "Bhosari",
        "Bibewabi",
        "Bibwewadi",
        "Bopodi",
        "Chakan",
        "Chakan Service Road",
        "Dhankawadi",
        "Dhawde Wasti",
        "Fursungi",
        "Hadapsar",
        "Indira Nagar",
        "Karve Nagar",
        "Karve Road",
        "Katraj",
        "Kondhwa",
        "Korhale Bk",
        "Kothrud",
        "Kurkumbh",
        "lBS road",
        "Loni Kalbhor",
        "Morgaon",
        "Mumbai Pune Highway",
        "Narayangaon",
        "Navi Peth",
        "New Mumbai Pune Highway",
        "Nira",
        "Nisarg",
        "Paud Road",
        "Pirangut",
        "Pune Nagar Road",
        "Pune Nasik Road",
        "Pune Satara Road",
        "Pune Solapur Road",
        "Ramwadi",
        "Rasta Peth",
        "Ravet",
        "Sahyadri Park Colony",
        "Sainagari",
        "Sasane Nagar",
        "Saswad",
        "Shirur",
        "Shukrawar Peth",
        "Singhad Road",
        "Sinhgad Road",
        "Somwar Peth",
        "Swargate",
        "Tathawade",
        "Thergaon",
        "Thergaon Phata",
        "Thigale Stal",
        "Undri Marg",
        "Uruli Devachi",
        "Viman Nagar"
      ],
      "Rahata": [
        "Sakori"
      ],
      "Raigad": [
        "Pen"
      ],
      "Sangamner": [
        "College Raod"
      ],
      "Sangli": [
        "Ashita Road",
        "Civil Hospital Road",
        "Jath",
        "Mane Chowk",
        "Sahyadrinagar",
        "Tanaji Chowk",
        "Vita"
      ],
      "Satara": [
        "Karanje",
        "Pandarpur Phata",
        "Powai Naka",
        "Sadar Bazar",
        "Shaniwar Peth"
      ],
      "Shevgaon": [
        "Pathardi Road"
      ],
      "Shrirampur": [
        "Bazar Road",
        "Shrirampur"
      ],
      "Sindhudurg": [
        "Oros"
      ],
      "Solapur": [
        "Asara Hotgi Road",
        "Bale",
        "Bhavani Peth",
        "Employment Chowk",
        "Gold Finch Path",
        "Mangalwedha",
        "Miraj Pundarpur Road",
        "New Palace Road",
        "Pratap Singh Chowk",
        "Raviwar Peth",
        "Sainik Nagar"
      ],
      "Thane": [
        "Bharani Pada",
        "Bhiwandi",
        "Dombivali",
        "Durgesh Park",
        "Ghodbandar Road,",
        "Kalher",
        "Kalwa",
        "Kalyan West",
        "Kapurbawdi",
        "Khadakpada",
        "Mira Road",
        "Narpoli",
        "Old Agra Road",
        "Paranjape Nagar",
        "Savarkar Nagar",
        "Shrikhande Wadi",
        "Vasai West",
        "Wartak Nagar"
      ],
      "Ulhasnagar": [
        "Sector 17"
      ],
      "Vasai": [
        "Boisar"
      ],
      "Wardha": [
        "Nagpur Road",
        "Vasan Nagar"
      ],
      "Yavatmal": [
        "Netaji Chowk"
      ]
    },
    "Manipur": {
      "Imphal": [
        "Airport Road",
        "Thangmeiband Polem Leikai"
      ]
    },
    "Meghalaya": {
      "East Khasi Hills": [
        "Jingkieng Demthring",
        "Mawngap"
      ]
    },
    "Mizoram": {
      "Aizawl": [
        "Chaltlang"
      ],
      "Lunglei": [
        "Bazar Veng"
      ]
    },
    "Nagaland": {
      "Dimapur": [
        "Golaghat Road"
      ]
    },
    "Odisha": {
      "Angul": [
        "Bypass Chowk",
        "Kaniha",
        "Talcher"
      ],
      "Balangir": [
        "Kantabanjhi"
      ],
      "Balasore": [
        "Digha Rood",
        "ITI Square",
        "Jaleswar",
        "Januganj",
        "Motiganj"
      ],
      "Bhadrak": [
        "Bonth Chhack",
        "Chandbali",
        "Charampa"
      ],
      "Bhubaneswar": [
        "Bomikhal Chowk",
        "Cuttack Road",
        "Forest Park",
        "Jayadev Vihar"
      ],
      "Brahmapur": [
        "Dalua Street",
        "Ganjam"
      ],
      "Cuttack": [
        "Badambadi",
        "Cantonment Road",
        "Link Road",
        "Madhupatna",
        "New Lic Colony",
        "Salipur",
        "Shikharpur"
      ],
      "Dhenkanal": [
        "Dhenkanal Town"
      ],
      "Ganjam": [
        "Asika",
        "Aska Road"
      ],
      "Jagatsinghapur": [
        "Rahama"
      ],
      "Jajpur": [
        "Byasanagar",
        "Jajpur Road",
        "Kuakhia",
        "Rasulpur",
        "Sungada"
      ],
      "Jharsuguda": [
        "Beheramal Kisan Chowk"
      ],
      "Kendujhar": [
        "Dhangarpada",
        "Keonjhr",
        "Sundrabasti Road"
      ],
      "Khorda": [
        "Khandagiri"
      ],
      "Nayagarh": [
        "PWD Office Lane"
      ],
      "Puri": [
        "Grand Road"
      ],
      "Rayagada": [
        "Tumbigoda Junction"
      ],
      "Rourkela": [
        "NAC Market",
        "Sanjay Market"
      ],
      "Sambalpur": [
        "Baraipali Chowk",
        "Modipada Road"
      ]
    },
    "Puducherry": {
      "Karaikal": [
        "Bharathiyar Road"
      ],
      "Puducherry": [
        "Green Garden",
        "Koothapakkam",
        "Kottakuppam",
        "Madukarai",
        "Mohan Nagar"
      ],
      "Villupuram": [
        "Dindivanam Road",
        "Pn Palayam",
        "Trichy Main Road"
      ]
    },
    "Punjab": {
      "Amritsar": [
        "Dadupura"
      ],
      "Fatehgarh Sahib": [
        "Sirhind"
      ],
      "Fazilka": [
        "Court Road"
      ],
      "Firozpur": [
        "Talwandi Road"
      ],
      "Gurdaspur": [
        "Pathankot Road"
      ],
      "Hoshiarpur": [
        "Garshankar Road",
        "Hosyarpur Road"
      ],
      "Jalandhar": [
        "Adda Abadpura",
        "Corporation Market",
        "Goraya",
        "Green Park",
        "Guru Gobind Singh Avenue"
      ],
      "Ludhiana": [
        "Aggar Nagar",
        "Gurdev Nagar",
        "Kailash Nagar",
        "Preet Nagar",
        "Sherpur Chowk"
      ],
      "Mohali": [
        "Dhakoli"
      ],
      "Muktsar": [
        "Bhag Wali Galli"
      ],
      "Nangal": [
        "Railway station Road"
      ],
      "Patiala": [
        "Gaushala Road",
        "Ghagga Road",
        "Sunami Gate"
      ],
      "Rupnagar": [
        "Kiratpur Sahib",
        "Nurpur Bedi"
      ],
      "Sangrur": [
        "Aggrasain Market"
      ]
    },
    "Rajasthan": {
      "Ajmer": [
        "Hathi Bhata",
        "Jaipur Road",
        "PR Marg",
        "Roadways Bus Stand"
      ],
      "Alwar": [
        "Kishangarh Road",
        "Lajpat Nagar"
      ],
      "Bagru": [
        "Bagru",
        "Mahlan"
      ],
      "Banswara": [
        "Dahod Road"
      ],
      "Baran": [
        "New Motor Market"
      ],
      "Barmer": [
        "Chhatriyon Ka Morcha"
      ],
      "Behror": [
        "Main choraha"
      ],
      "Bharatpur": [
        "Deeg Road"
      ],
      "Bhilwara": [
        "Arya Samaj Road",
        "Rajinder Marg Road"
      ],
      "Bikaner": [
        "Chungi Naka",
        "Gajner Road",
        "Gangashahar Road",
        "Modern Market"
      ],
      "Chirawa": [
        "Pilani Road"
      ],
      "Churu": [
        "Ratangarh",
        "Sardarshahar"
      ],
      "Dausa": [
        "Gangapur Road"
      ],
      "Dholpur": [
        "Malak Para"
      ],
      "Hanumangarh": [
        "Pilibanga",
        "Tibbi Road"
      ],
      "Jaipur": [
        "Agra Road",
        "Ajmer Road",
        "Bapu Nagar",
        "Mansarovar",
        "Sunsaan Road",
        "Vijay Nagar"
      ],
      "Jhalawar": [
        "Dwarikadish Road",
        "Jhalrapatan",
        "Ram Nagar"
      ],
      "Jhunjhunu": [
        "RIICO"
      ],
      "Jodhpur": [
        "DPS Circle",
        "Jalori Gate",
        "Osian",
        "Pratap Nagar",
        "Residency Road",
        "Shyam Nagar"
      ],
      "Karauli": [
        "New Mandi"
      ],
      "Nagaur": [
        "Khati Pura",
        "Mangalana Road"
      ],
      "Rajsamand": [
        "JK Road",
        "Nathdwara Road",
        "Rampura"
      ],
      "Sawai Madhopur": [
        "Ranthambhore Road"
      ],
      "Sikar": [
        "Devipura",
        "Kalyan Circle"
      ],
      "Sirohi": [
        "Jawal"
      ],
      "Sriganganagar": [
        "Jassa Singh Marg",
        "Mini Mayapuri",
        "Tractor & Automobiles Market"
      ],
      "Udaipur": [
        "Central Area",
        "Sevashram Chouraha",
        "Surajpole"
      ]
    },
    "Tamil Nadu": {
      "Chengalpattu": [
        "Periyar Salai"
      ],
      "Chennai": [
        "Ambatur",
        "Golden George Nagar",
        "Gowrivakkam",
        "Karayanchavadi",
        "Madhavaram High Road",
        "Maniyammai Nagar",
        "MGR Nagar",
        "Mudichur Road",
        "Porur",
        "Rajiv Gandhi Salai",
        "Royapettah",
        "Sanatorium",
        "SVP Nagar",
        "T Nagar",
        "Virugambakkam"
      ],
      "Chidambaram": [
        "Umaiyal Street"
      ],
      "Coimbatore": [
        "1st Street Extension",
        "Argus Nagar",
        "Chinthamanipudur",
        "Coimbatore Road",
        "Gandhipuram",
        "Mathiazhan Nagar",
        "Mettupalayam Rd",
        "Pappampatti",
        "Ramanathapuram",
        "Sarathambal Nagar",
        "Sirumugai",
        "Sitra Road",
        "Udumalaipettai"
      ],
      "Cuddalore": [
        "Imperial Road",
        "Mohansingh Street",
        "Nellikuppam",
        "Vadalur"
      ],
      "Dindigul": [
        "Gopalasamuthram",
        "Karur Main Road",
        "Paramakudi",
        "West Govindapuram"
      ],
      "Erode": [
        "Bhavani Road",
        "Perundurai",
        "Surampatti Four Rd",
        "Varnapuram"
      ],
      "Hosur": [
        "Amman Nagar",
        "Anthivadi",
        "Nggo Colony"
      ],
      "Kanchipuram": [
        "Kovilambakkam",
        "Mugalivakkam Main Road",
        "Urapakkam"
      ],
      "Kanyakumari": [
        "Kottar"
      ],
      "Karur": [
        "Karur"
      ],
      "Kovilpatti": [
        "Elayarasanendal Road",
        "Kovilpatti"
      ],
      "Krishnagiri": [
        "Krishnagiri Road"
      ],
      "Kumbakonam": [
        "Kamaraj Road"
      ],
      "Madurai": [
        "Krishnarayar Tank Street",
        "New Ellis Nagar",
        "North Veli Street",
        "Palanganatham",
        "Workshop Road"
      ],
      "Nagapattinam": [
        "Puthur",
        "Sirkali"
      ],
      "Nagercoil": [
        "Ozhuginasery"
      ],
      "Namakkal": [
        "Salem Road",
        "Santhaipettai Pudur"
      ],
      "Palani": [
        "Dindigul Road"
      ],
      "Perambalur": [
        "Four Road",
        "Venkatesapuram"
      ],
      "Pollachi": [
        "Venkatasa Colony"
      ],
      "Pudukkottai": [
        "Annasalai",
        "Kattumavadi",
        "West Main Street"
      ],
      "Rajapalayam": [
        "Rajapalayam"
      ],
      "Ramanathapuram": [
        "Bharathi Nagar"
      ],
      "Salem": [
        "Cuddalore Main Road",
        "MDS Nagar",
        "Meyyanur Main Road",
        "Sankari",
        "Shevapet",
        "Sri Ganesa Nagar"
      ],
      "Sivaganga": [
        "Karaikudi",
        "Oversear Street",
        "Thondi Road"
      ],
      "Tenkasi": [
        "Railway Road"
      ],
      "Thanjavur": [
        "Aranthangi Road",
        "Nanjikottai"
      ],
      "Theni": [
        "Cumbam Road"
      ],
      "Thoothukudi": [
        "Krishnapuram",
        "VE Road"
      ],
      "Tirunelveli": [
        "SN High Road",
        "Udayarpatti"
      ],
      "Tirupathur": [
        "Krishnagiri",
        "Tirupattur",
        "Wanwadi Main Road"
      ],
      "Vellore": [
        "Basha Nagar",
        "Katpadi Road",
        "Khaderpet",
        "MBT Road",
        "New Bypass Road",
        "Rangapuram",
        "Ranipet"
      ],
      "Virudhunagar": [
        "Anna Nagar"
      ]
    },
    "Telangana": {
      "Adilabad": [
        "Adilabad",
        "CCI Cross Road",
        "Kagaznagar",
        "Nizamabad",
        "Ponakal",
        "Sirpur"
      ],
      "Armoor": [
        "Armoor"
      ],
      "Bhadrachalam": [
        "Bhadrachalam"
      ],
      "Choutuppal": [
        "Choutuppal"
      ],
      "Gadwal": [
        "Gadwal"
      ],
      "Hanamkonda": [
        "Hanamkonda",
        "Hanmakonda"
      ],
      "Hyderabad": [
        "Alwal",
        "Ananthula Colony, Nagloe",
        "Bahadurpura",
        "Bazaar Ground",
        "Bollarum Railway Station",
        "Brindavan Colony",
        "Chandanagar",
        "Dilsukh Nagar",
        "ECIL",
        "Habsiguda",
        "Hayathnagar",
        "Hayathngr",
        "Himayathnagar",
        "Hydershah Kote",
        "Kachiguda",
        "Khairathabad",
        "Khattedan",
        "Kondapur",
        "KPHB Colony",
        "Langar Houz",
        "Malkajgiri",
        "Masab Tank",
        "Nacharam",
        "Nagole",
        "Panjagutta",
        "Ramachandrapuram",
        "Ramanthapur",
        "Sanath Nagar",
        "Santosh Nagar",
        "Siddiamber Bazar",
        "Sowbhagya Nagar",
        "Toli Chowki",
        "Trimulgery",
        "Uppal"
      ],
      "Jagtial": [
        "Jagitial",
        "Karimnagar Road"
      ],
      "Jangaon": [
        "Jangam"
      ],
      "Karimnagar": [
        "Ganesh Nagar",
        "Vemulawada"
      ],
      "Khammam": [
        "Bandarugudam",
        "Jublieepura",
        "Khammam",
        "Palwancha",
        "Sri Sri Circle"
      ],
      "Mahabubnagar": [
        "Padmavathi Colony"
      ],
      "Mancherial": [
        "Mancherial",
        "Municipal Office Road"
      ],
      "Medak": [
        "Gajwel",
        "Zaheerabad"
      ],
      "Medchal Malkajgiri": [
        "Basheerabad"
      ],
      "Nalgonda": [
        "Karimnagar",
        "Vivekananda Nagar Colony"
      ],
      "Nizamabad": [
        "Vinayak Nagar"
      ],
      "Sangareddy": [
        "Pothopally"
      ],
      "Secunderabad": [
        "Sainikpuri"
      ],
      "Shadnagar": [
        "Shadnagar"
      ],
      "Siddipet": [
        "Adarsha Nagar",
        "Ambedkar Nagar"
      ],
      "Suryapet": [
        "Khammam Cross Road",
        "Nalgonda"
      ],
      "Yadadri Bhuvanagiri": [
        "Bhongir"
      ]
    },
    "Tripura": {
      "Agartala": [
        "Chitta Ranjan Road",
        "Dhaleswar Road"
      ],
      "North Tripura": [
        "Rajbar"
      ]
    },
    "Uttar Pradesh": {
      "Agra": [
        "Rambagh"
      ],
      "Aligarh": [
        "Masoodabad"
      ],
      "Prayagraj": [
        "Bai Ka Bagh",
        "Civil Lines",
        "GTB Nagar"
      ],
      "Amroha": [
        "Atrasi Road"
      ],
      "Azamgarh": [
        "Belaisha",
        "Bilariyaganj",
        "Damodarganj",
        "Paharpus"
      ],
      "Baheri": [
        "Nainital Road"
      ],
      "Bahraich": [
        "khatripura"
      ],
      "Banda": [
        "Baberu",
        "Bijili Kheda"
      ],
      "Barabanki": [
        "Palhari"
      ],
      "Bareilly": [
        "Mini Nanital Bypass"
      ],
      "Bijnor": [
        "Chandpur"
      ],
      "Budaun": [
        "Water Works Road"
      ],
      "Bulandshahr": [
        "Alighar Road",
        "Ruchi Market"
      ],
      "Deoria": [
        "Bhikhampur Road",
        "Rudrapur",
        "Salempur"
      ],
      "Etawah": [
        "Bakewar",
        "Pakka Talab"
      ],
      "Faizabad": [
        "Rudauli",
        "Sohawal Chauraha"
      ],
      "Farrukhabad": [
        "Thandi Sadak"
      ],
      "Fatehpur": [
        "Peeranpur"
      ],
      "Firozabad": [
        "C B Market"
      ],
      "Ghaziabad": [
        "Bonjha",
        "Modinagar",
        "Vaishali"
      ],
      "Ghazipur": [
        "Ghazipur",
        "Mahuabagh",
        "Rauza"
      ],
      "Gonda": [
        "Chedipurwa",
        "Faizabad Road"
      ],
      "Gorakhpur": [
        "Chauri Chaura Rudrapur Road",
        "Golghar",
        "Sastri Chowk",
        "Sector22"
      ],
      "Greater Noida": [
        "Beta 2"
      ],
      "Hardoi": [
        "Bilgram Chungi",
        "Shahabad"
      ],
      "Hathras": [
        "Nagla Emliya"
      ],
      "Jaunpur": [
        "Machhali Shahar",
        "Naiganj"
      ],
      "Jhansi": [
        "Jhokan Bagh",
        "Kachehri Chauraha",
        "Old Motor Stand"
      ],
      "Kannauj": [
        "Saraimeera"
      ],
      "Kanpur": [
        "Keshav Nagar",
        "Marray Co Bridge Market",
        "Venajhabar Road"
      ],
      "Kanpur Dehat": [
        "Ramabai Nagar",
        "Sanjay Nagar"
      ],
      "Karwi": [
        "Allahabad Road"
      ],
      "Lakhimpur Kheri": [
        "Behjan Road"
      ],
      "Kushinagar": [
        "Hata"
      ],
      "Lalitpur": [
        "Maveshi Bazar",
        "Talbehat"
      ],
      "Lucknow": [
        "Aliganj",
        "Gomti Nagar",
        "Hajratganj",
        "Indra Nagar",
        "Indra Nagar, Sector 20",
        "Jankipuram Garden",
        "Kamta",
        "Lalbagh",
        "Nak Hindola"
      ],
      "Maharajganj": [
        "Nautanwan"
      ],
      "Mahoba": [
        "Mahoba"
      ],
      "Mathura": [
        "Chhatikara",
        "Goverdhan",
        "Junction Road",
        "Rajpal Nagar"
      ],
      "Meerut": [
        "ABU Lane",
        "Begumpul Road",
        "Delhi Road"
      ],
      "Mirzapur": [
        "Baraudha"
      ],
      "Moradabad": [
        "Mansarover Colony"
      ],
      "Noida": [
        "Gizhore, Sector 53"
      ],
      "Orai": [
        "Gopal Ganj"
      ],
      "Padrauna": [
        "Padrauna"
      ],
      "Pilibhit": [
        "Ballabh Nagar Colony"
      ],
      "Pratapgarh": [
        "Raniganj"
      ],
      "Raebareli": [
        "Lalganj",
        "Ratapur"
      ],
      "Rampur": [
        "Cilvil line"
      ],
      "Robertsganj": [
        "Badhauli Chauraha",
        "New Colony"
      ],
      "Saharanpur": [
        "Ambala Road",
        "Behat Road"
      ],
      "Sant Kabir Nagar": [
        "Khalilabad",
        "Mukhlispur Road"
      ],
      "Shahjahanpur": [
        "Ghanta Ghar"
      ],
      "Sonbhadra": [
        "Anpara"
      ],
      "Sultanpur": [
        "Dariya Pur Road"
      ],
      "Unnao": [
        "Sarai Subedar Safipur"
      ],
      "Varanasi": [
        "Hukulganj",
        "Maheshpur Industrial Area",
        "Nadesar",
        "Shiram Mechaniery Market"
      ]
    },
    "Uttarakhand": {
      "Dehradun": [
        "59 Gandhi Road",
        "Govind Nagar"
      ],
      "Haridwar": [
        "Jwalapur"
      ],
      "Kashipur": [
        "Kashipur"
      ],
      "Nainital": [
        "MPIC Market"
      ],
      "Rishikesh": [
        "Dehradun Road",
        "Haridwar Road"
      ],
      "Rudrapur": [
        "Danpur"
      ],
      "Udham Singh Nagar": [
        "Udham Singh Nagar"
      ]
    },
    "West Bengal": {
      "Balurghat": [
        "Balurghat"
      ],
      "Bankura": [
        "Bhairabsthan More",
        "Bishnupur",
        "Kaikhali",
        "Natunchatti"
      ],
      "Bardhaman": [
        "Badamtola",
        "Barabani",
        "Bhiringi",
        "Burdwan",
        "College More",
        "Fagupur",
        "FCI Colony",
        "Katwa",
        "Muchipara",
        "Nadia",
        "New Kenda",
        "Perbirhata",
        "Ranigan More",
        "Thana More",
        "Ushagram"
      ],
      "Baruipur": [
        "Mahinagar"
      ],
      "Bashirhat": [
        "Maitrabagan"
      ],
      "Berhampore": [
        "Chaltia",
        "Chuapur",
        "Chuapure",
        "K N Road"
      ],
      "Birbhum": [
        "Amua"
      ],
      "Chakdaha": [
        "Lalpur"
      ],
      "Contai": [
        "Contai"
      ],
      "Cooch Behar": [
        "Alipurduar",
        "College Para",
        "New Town"
      ],
      "Dankuni": [
        "FCI Mode"
      ],
      "Darjeeling": [
        "Panighata More"
      ],
      "Diamond Harbour": [
        "Diamond Harbour"
      ],
      "Durgapur": [
        "Barakar",
        "Benachity"
      ],
      "East Midnapore": [
        "Belda",
        "Bhagawanpur",
        "Digha Contai Road",
        "Haldia",
        "Math Chandipur",
        "Panskura Bazar"
      ],
      "Egra": [
        "Egra"
      ],
      "Habra": [
        "Bira",
        "Jessore Road"
      ],
      "Hooghly": [
        "Arambagh",
        "Joy Krishna Bazar",
        "Khadina More",
        "Seakhala",
        "Sheoraphuli",
        "Sodepur",
        "Sripur"
      ],
      "Howrah": [
        "Andul",
        "Andul Road",
        "Banbehari Bose Road",
        "Jangalpara",
        "Kalimandir",
        "Nabghara",
        "Salkia",
        "Sheakhala Garerbaba",
        "Uluberia"
      ],
      "Islampur": [
        "Ashrampara More"
      ],
      "Jalpaiguri": [
        "Birpara",
        "Din Bazar"
      ],
      "Jhargram": [
        "Natundihi"
      ],
      "Kalyani": [
        "Kalyani"
      ],
      "Kharagpur": [
        "Inda",
        "Inda More",
        "Rakhajungle"
      ],
      "Kolkata": [
        "Ashokegarh",
        "Banamali",
        "Barisha",
        "Beliaghata",
        "Chadni Chowk",
        "Chapadali More",
        "DLF 2",
        "Dr SC Banerjee Road",
        "Dunlop",
        "Ghari Khana Road",
        "Jatindra Mohan Avenue",
        "Kasba",
        "Lauhati",
        "Mahajati Nagar",
        "Manujendra",
        "Nandibagan",
        "Padmapukur",
        "Panihati",
        "Rafi Ahmed Kidwai Road",
        "Salt City Lake",
        "Sonarpur",
        "Talbanda",
        "Tarun Sengupta Sarani",
        "VIP Road"
      ],
      "Malda": [
        "Chanchol",
        "Gangarampur",
        "Goverment Colony",
        "Jyoti Basu Road",
        "Kaliachak",
        "Milki",
        "New Bansbari"
      ],
      "Midnapore": [
        "Battala",
        "Keranitola"
      ],
      "Murshidabad": [
        "Baniagram",
        "Ratanpur",
        "Umarpur"
      ],
      "Nadia": [
        "Phulbagan More"
      ],
      "North 24 Parganas": [
        "Basirhat",
        "Bongaon",
        "Jagatdal",
        "Jetia",
        "Pakratala"
      ],
      "North Dinajpur": [
        "Dak Banglow Road",
        "Rasakhowa"
      ],
      "Purba Bardhaman": [
        "Memari"
      ],
      "Purulia": [
        "Dulmi Nadiha Road"
      ],
      "Puruliya": [
        "Purulia"
      ],
      "Raiganj": [
        "NS Road"
      ],
      "Rampurhat": [
        "Birbhum"
      ],
      "Serampore": [
        "Mahesh Colony"
      ],
      "Siliguri": [
        "Burdwan Road",
        "Niranjan Nagar",
        "Sevoke Road",
        "Sewak Road"
      ],
      "South 24 Parganas": [
        "Basanti",
        "Canning",
        "Chowhati More",
        "Garia",
        "Harinavi",
        "Joynagar Mojilpur",
        "Kakdwip"
      ],
      "South Dinajpur": [
        "Chowringhe"
      ],
      "West Midnapore": [
        "Debra High Road",
        "Goura"
      ]
    }
  },
  "inputs_completed": [],
  "links_completed": [],
  "current_page": 1,
  "last_refresh_time": 0
}