{
  "current_strategy": null,
  "current_state": null,
  "current_city": null,
  "current_locality": null,
  "current_pincode": null,
  "current_sub_brand": null,
  "states_completed": [],
  "states_fully_completed": [],
  "locality_fully_completed": [],
  "cities_completed": {},
  "cities_fully_completed": [],
  "localities_completed": {},
  "inputs_completed": [
    "Bengaluru",
    "New Delhi",
    "Mumbai",
    "Chennai",
    "Hyderabad",
    "Kolkata",
    "Gurugram",
    "Pune",
    "Ahmedabad",
    "Kochi",
    "Jaipur",
    "Lucknow",
    "Noida",
    "Chandigarh",
    "Patna",
    "Agartala",
    "Agra",
    "Aizawl",
    "Ajmer",
    "Alappuzha",
    "Aligarh",
    "Alwar",
    "Amritsar",
    "Anand",
    "Balasore",
    "Bareilly",
    "Bathinda",
    "Begusarai",
    "Belagavi",
    "Bhopal",
    "Bhubaneswar",
    "Bhuj",
    "Bilaspur",
    "Coimbatore",
    "Cuttack",
    "Dehradun",
    "Dhanbad",
    "Dharamshala",
    "Dimapur",
    "Durgapur",
    "Ernakulam",
    "Faridabad",
    "Gangtok",
    "Ghaziabad",
    "Greater Noida",
    "Guntur",
    "Guwahati",
    "Gwalior",
    "Hanamkonda",
    "Haridwar",
    "Howrah",
    "Hubballi",
    "Idukki",
    "Imphal",
    "Indore",
    "Itanagar",
    "Jabalpur",
    "Jalandhar",
    "Jammu",
    "Jamnagar",
    "Jamshedpur",
    "Jhansi",
    "Jodhpur",
    "Jorhat",
    "Kannur",
    "Kanpur",
    "Karnal",
    "Kolhapur",
    "Kollam",
    "Kota",
    "Kottayam",
    "Kozhikode",
    "Ludhiana",
    "Madurai",
    "Malda",
    "Mandi",
    "Mangaluru",
    "Manipal",
    "Mapusa",
    "Margao",
    "Meerut",
    "Mohali",
    "Moradabad",
    "Mysore",
    "Mysuru",
    "Nagpur",
    "Nainital",
    "Nashik",
    "Navi Mumbai",
    "Nilgiris",
    "North Goa",
    "North West Delhi",
    "Palakkad",
    "Panaji",
    "Panchkula",
    "Pathankot",
    "Patiala",
    "Pimpri-Chinchwad",
    "Prayagraj",
    "Puducherry",
    "Purulia",
    "Raipur",
    "Rajkot",
    "Ranchi",
    "Rangareddy",
    "Rishikesh",
    "Rohtak",
    "Roorkee",
    "Rourkela",
    "Salem",
    "Sangli",
    "Saroornagar",
    "Secunderabad",
    "Siliguri",
    "Solan",
    "Sri Sathya Sai",
    "Srinagar",
    "Surat",
    "Tehri Garhwal",
    "Tezpur",
    "Thane",
    "Thiruvalla",
    "Thiruvananthapuram",
    "Thrissur",
    "Tiruvannamalai",
    "Udaipur",
    "Ujjain",
    "Vadodara",
    "Vapi",
    "Varanasi",
    "Vellore",
    "Vijayawada",
    "Visakhapatnam",
    "Yamuna Nagar",
    "Zirakpur",
    "Bengaluru",
    "New Delhi",
    "Mumbai",
    "Chennai",
    "Hyderabad",
    "Kolkata",
    "Gurugram",
    "Pune",
    "Ahmedabad",
    "Kochi",
    "Jaipur",
    "Lucknow",
    "Noida",
    "Chandigarh",
    "Patna",
    "Agartala",
    "Agra",
    "Aizawl",
    "Ajmer",
    "Alappuzha",
    "Aligarh",
    "Alwar",
    "Amritsar",
    "Anand",
    "Balasore",
    "Bareilly",
    "Bathinda",
    "Begusarai",
    "Belagavi",
    "Bhopal",
    "Bhubaneswar",
    "Bhuj",
    "Bilaspur",
    "Coimbatore",
    "Cuttack",
    "Dehradun",
    "Dhanbad",
    "Dharamshala",
    "Dimapur",
    "Durgapur",
    "Ernakulam",
    "Faridabad",
    "Gangtok",
    "Ghaziabad",
    "Greater Noida",
    "Guntur",
    "Guwahati",
    "Gwalior",
    "Hanamkonda",
    "Haridwar",
    "Howrah",
    "Hubballi",
    "Idukki",
    "Imphal",
    "Indore",
    "Itanagar",
    "Jabalpur",
    "Jalandhar",
    "Jammu",
    "Jamnagar",
    "Jamshedpur",
    "Jhansi",
    "Jodhpur",
    "Jorhat",
    "Kannur",
    "Kanpur",
    "Karnal",
    "Kolhapur",
    "Kollam",
    "Kota",
    "Kottayam",
    "Kozhikode",
    "Ludhiana",
    "Madurai",
    "Malda",
    "Mandi",
    "Mangaluru",
    "Manipal",
    "Mapusa",
    "Margao",
    "Meerut",
    "Mohali",
    "Moradabad",
    "Mysore",
    "Mysuru",
    "Nagpur",
    "Nainital",
    "Nashik",
    "Navi Mumbai",
    "Nilgiris",
    "North Goa",
    "North West Delhi",
    "Palakkad",
    "Panaji",
    "Panchkula",
    "Pathankot",
    "Patiala",
    "Pimpri-Chinchwad",
    "Prayagraj",
    "Puducherry",
    "Purulia",
    "Raipur",
    "Rajkot",
    "Ranchi",
    "Rangareddy",
    "Rishikesh",
    "Rohtak",
    "Roorkee",
    "Rourkela",
    "Salem",
    "Sangli",
    "Saroornagar",
    "Secunderabad",
    "Siliguri",
    "Solan",
    "Sri Sathya Sai",
    "Srinagar",
    "Surat",
    "Tehri Garhwal",
    "Tezpur",
    "Thane",
    "Thiruvalla",
    "Thiruvananthapuram",
    "Thrissur",
    "Tiruvannamalai",
    "Udaipur",
    "Ujjain",
    "Vadodara",
    "Vapi",
    "Varanasi",
    "Vellore",
    "Vijayawada",
    "Visakhapatnam",
    "Yamuna Nagar",
    "Zirakpur"
  ],
  "links_completed": [],
  "latitude_completed": [],
  "current_page": 1,
  "last_refresh_time": 0
}