{
  "current_strategy": null,
  "current_state": null,
  "current_city": "West Midnapore",
  "current_locality": null,
  "current_pincode": null,
  "current_sub_brand": null,
  "states_completed": [],
  "states_fully_completed": [
    "Andhra Pradesh",
    "Arunachal Pradesh",
    "Assam",
    "Bihar",
    "Chhattisgarh",
    "Delhi",
    "Goa",
    "Gujarat",
    "Haryana",
    "Himachal Pradesh",
    "Jammu And Kashmir",
    "Jharkhand",
    "Karnataka",
    "Kerala",
    "Madhya Pradesh",
    "Maharashtra",
    "Manipur",
    "Meghalaya",
    "Mizoram",
    "Nagaland",
    "Odisha",
    "Puducherry",
    "Punjab",
    "Rajasthan",
    "Sikkim",
    "Tamil Nadu",
    "Telangana",
    "Tripura",
    "Uttar Pradesh",
    "Uttarakhand"
  ],
  "locality_fully_completed": [],
  "cities_completed": {
    "Andhra Pradesh": [
      "Amalapuram",
      "Anantapur",
      "Bhimavaram",
      "Chittoor",
      "Kadapa",
      "East Godavari",
      "Guntur",
      "Kakinada",
      "Krishna",
      "Kurnool",
      "Machilipatnam",
      "Nandyal",
      "Narasaraopet",
      "Nellore",
      "Ongole",
      "Proddatur",
      "Rajahmundry",
      "Srikakulam",
      "Tanuku",
      "Tirupati",
      "Vijayawada",
      "Visakhapatnam",
      "Vizianagaram",
      "West Godavari"
    ],
    "Arunachal Pradesh": [
      "All"
    ],
    "Assam": [
      "All"
    ],
    "Bihar": [
      "Bongaigaon",
      "Dibrugarh",
      "Diphu",
      "Guwahati",
      "Jorhat",
      "Kamrup",
      "Kokrajhar",
      "Nagaon",
      "Sivasagar",
      "Silchar",
      "Sonitpur",
      "Tinsukia"
    ],
    "Chhattisgarh": [
      "Bhilai",
      "Bilaspur",
      "Durg",
      "Korba",
      "Raipur"
    ],
    "Delhi": [
      "New Delhi"
    ],
    "Goa": [
      "Margao",
      "North Goa",
      "Panaji",
      "Porvorim",
      "South Goa",
      "Vasco Da Gama"
    ],
    "Gujarat": [
      "Ahmedabad",
      "Anand",
      "Gandhinagar",
      "Surat",
      "Vadodara",
      "Valsad",
      "Vapi"
    ],
    "Haryana": [
      "Ambala",
      "Faridabad",
      "Gurugram",
      "Karnal",
      "Manesar",
      "Panchkula",
      "Sirsa",
      "Sonipat",
      "Tohana",
      "Yamuna Nagar"
    ],
    "Himachal Pradesh": [
      "Dharamshala",
      "Manali",
      "Palampur",
      "Solan",
      "Una"
    ],
    "Jammu And Kashmir": [
      "Anantnag",
      "Jammu",
      "Srinagar"
    ],
    "Jharkhand": [
      "Bokaro",
      "Deoghar",
      "Dhanbad",
      "Jamshedpur",
      "Ranchi"
    ],
    "Karnataka": [
      "Bengaluru",
      "Bellary",
      "Bijapur",
      "Chickmagalur",
      "Dakshina Kannada",
      "Davanagere",
      "Dharwad",
      "Dharward",
      "Gulbarga",
      "Hosapete",
      "Hubli",
      "Kolar",
      "Mandya",
      "Mangaluru",
      "Mysore",
      "Mysuru",
      "Raichur",
      "Ramanagara",
      "Shimoga",
      "Tumkur",
      "Udupi",
      "Uttara Kannada"
    ],
    "Kerala": [
      "Alappuzha",
      "Calicut",
      "Cherthala",
      "Cochin",
      "Ernakulam",
      "Haripad",
      "Kannur",
      "Kattappana",
      "Kayamkulam",
      "Kochi",
      "Kollam",
      "Kothamangalam",
      "Kottayam",
      "Kozhikode",
      "Malappuram",
      "Manjeri",
      "Mukkam",
      "Palakkad",
      "Pathanamthitta",
      "Perintalmanna",
      "Perumbavoor",
      "Punalur",
      "Puthanathani",
      "Sultan Bathery",
      "Thiruvananthapuram",
      "Thrissur"
    ],
    "Madhya Pradesh": [
      "Bhopal",
      "Gwalior",
      "Indore",
      "Jabalpur"
    ],
    "Maharashtra": [
      "Ahmednagar",
      "Akola",
      "Ambernath",
      "Amravati",
      "Aurangabad",
      "Jalgaon",
      "Kalyan",
      "Latur",
      "Mumbai",
      "Nagpur",
      "Nashik",
      "Navi Mumbai",
      "Pune",
      "Raigad",
      "Raigarh",
      "Ratnagiri",
      "Sangli",
      "Satara",
      "Thane",
      "Vasai",
      "Virar"
    ],
    "Manipur": [
      "Churachandpur",
      "Imphal"
    ],
    "Meghalaya": [
      "East Khasi Hills",
      "Jaintia Hills",
      "Shillong",
      "West Garo Hills"
    ],
    "Mizoram": [
      "Aizawl",
      "Champhai",
      "Lunglei"
    ],
    "Nagaland": [
      "Dimapur",
      "Kohima",
      "Mokokchung"
    ],
    "Odisha": [
      "Bhubaneswar",
      "Brahmapur",
      "Cuttack",
      "Jajpur",
      "Jharsuguda",
      "Khorda",
      "Rourkela",
      "Sambalpur"
    ],
    "Puducherry": [
      "Puducherry",
      "Villupuram"
    ],
    "Punjab": [
      "Amritsar",
      "Balachaur",
      "Barnala",
      "Bathinda",
      "Chandigarh",
      "Faridkot",
      "Fatehgarh Sahib",
      "Firozpur",
      "Gurdaspur",
      "Hoshiarpur",
      "Jalandhar",
      "Kapurthala",
      "Khanna",
      "Kurali",
      "Ludhiana",
      "Moga",
      "Mohali",
      "Pathankot",
      "Patiala",
      "Rupnagar",
      "Sahibzada Ajit Singh Nagar",
      "Zirakpur"
    ],
    "Rajasthan": [
      "Ajmer",
      "Alwar",
      "Jaipur",
      "Jodhpur",
      "Kota",
      "Sirohi",
      "Sriganganagar",
      "Udaipur"
    ],
    "Sikkim": [
      "East Sikkim",
      "Gangtok",
      "South Sikkim"
    ],
    "Tamil Nadu": [
      "Chennai",
      "Coimbatore",
      "Cuddalore",
      "Dharmapuri",
      "Dindigul",
      "Erode",
      "Hosur",
      "Kanchipuram",
      "Kanyakumari",
      "Karur",
      "Krishnagiri",
      "Kumbakonam",
      "Madurai",
      "Mayiladuthurai",
      "Nagercoil",
      "Ooty",
      "Ramanathapuram",
      "Salem",
      "Tenkasi",
      "Thanjavur",
      "Thoothukudi",
      "Tirunelveli",
      "Tiruppur",
      "Vellore",
      "Virudhunagar"
    ],
    "Telangana": [
      "Armoor",
      "Hyderabad",
      "Rangareddy",
      "Mahabubnagar",
      "Mancherial",
      "Medak",
      "Nalgonda",
      "Nizamabad",
      "Sangareddy",
      "Secunderabad",
      "Siddipet",
      "Suryapet",
      "Warangal"
    ],
    "Tripura": [
      "Agartala",
      "West Tripura"
    ],
    "Uttar Pradesh": [
      "Agra",
      "Aligarh",
      "Prayagraj",
      "Bareilly",
      "Gajraula",
      "Ghaziabad",
      "Gorakhpur",
      "Greater Noida",
      "Hapur",
      "Kanpur",
      "Kanpur Nagar",
      "Lucknow",
      "Mathura",
      "Meerut",
      "Moradabad",
      "Muzaffarnagar",
      "Noida",
      "Raya",
      "Saharanpur",
      "Varanasi"
    ],
    "Uttarakhand": [
      "Dehradun",
      "Haridwar",
      "Nainital",
      "Roorkee",
      "Rudrapur"
    ],
    "West Bengal": [
      "Alipurduar",
      "Asansol",
      "Bankura",
      "Chandannagar",
      "Cooch Behar",
      "Darjeeling",
      "Durgapur",
      "East Midnapore",
      "Hooghly",
      "Howrah",
      "Jalpaiguri",
      "Kalyani",
      "Kanchrapara",
      "Kolkata",
      "Malda",
      "North 24 Parganas",
      "Siliguri",
      "South 24 Parganas",
      "West Midnapore"
    ]
  },
  "cities_fully_completed": [
    "Diphu",
    "Guwahati",
    "Jorhat",
    "Kamrup",
    "Kokrajhar",
    "Nagaon",
    "Sivasagar",
    "Silchar",
    "Sonitpur",
    "Tinsukia",
    "Bhilai",
    "Bilaspur",
    "Durg",
    "Korba",
    "Raipur",
    "New Delhi",
    "Margao",
    "North Goa",
    "Panaji",
    "Porvorim",
    "South Goa",
    "Vasco Da Gama",
    "Ahmedabad",
    "Anand",
    "Gandhinagar",
    "Surat",
    "Vadodara",
    "Valsad",
    "Vapi",
    "Ambala",
    "Faridabad",
    "Gurugram",
    "Karnal",
    "Manesar",
    "Panchkula",
    "Sirsa",
    "Sonipat",
    "Tohana",
    "Yamuna Nagar",
    "Dharamshala",
    "Manali",
    "Palampur",
    "Solan",
    "Una",
    "Anantnag",
    "Jammu",
    "Srinagar",
    "Bokaro",
    "Deoghar",
    "Dhanbad",
    "Jamshedpur",
    "Ranchi",
    "Bengaluru",
    "Bellary",
    "Bijapur",
    "Chickmagalur",
    "Dakshina Kannada",
    "Davanagere",
    "Dharwad",
    "Dharward",
    "Gulbarga",
    "Hosapete",
    "Hubli",
    "Kolar",
    "Mandya",
    "Mangaluru",
    "Mysore",
    "Mysuru",
    "Raichur",
    "Ramanagara",
    "Shimoga",
    "Tumkur",
    "Udupi",
    "Uttara Kannada",
    "Alappuzha",
    "Calicut",
    "Cherthala",
    "Cochin",
    "Ernakulam",
    "Haripad",
    "Kannur",
    "Kattappana",
    "Kayamkulam",
    "Kochi",
    "Kollam",
    "Kothamangalam",
    "Kottayam",
    "Kozhikode",
    "Malappuram",
    "Manjeri",
    "Mukkam",
    "Palakkad",
    "Pathanamthitta",
    "Perintalmanna",
    "Perumbavoor",
    "Punalur",
    "Puthanathani",
    "Sultan Bathery",
    "Thiruvananthapuram",
    "Thrissur",
    "Bhopal",
    "Gwalior",
    "Indore",
    "Jabalpur",
    "Ahmednagar",
    "Akola",
    "Ambernath",
    "Amravati",
    "Aurangabad",
    "Jalgaon",
    "Kalyan",
    "Latur",
    "Mumbai",
    "Nagpur",
    "Nashik",
    "Navi Mumbai",
    "Pune",
    "Raigad",
    "Raigarh",
    "Ratnagiri",
    "Sangli",
    "Satara",
    "Thane",
    "Vasai",
    "Virar",
    "Churachandpur",
    "Imphal",
    "East Khasi Hills",
    "Jaintia Hills",
    "Shillong",
    "West Garo Hills",
    "Aizawl",
    "Champhai",
    "Lunglei",
    "Dimapur",
    "Kohima",
    "Mokokchung",
    "Bhubaneswar",
    "Brahmapur",
    "Cuttack",
    "Jajpur",
    "Jharsuguda",
    "Khorda",
    "Rourkela",
    "Sambalpur",
    "Puducherry",
    "Villupuram",
    "Amritsar",
    "Balachaur",
    "Barnala",
    "Bathinda",
    "Chandigarh",
    "Faridkot",
    "Fatehgarh Sahib",
    "Firozpur",
    "Gurdaspur",
    "Hoshiarpur",
    "Jalandhar",
    "Kapurthala",
    "Khanna",
    "Kurali",
    "Ludhiana",
    "Moga",
    "Mohali",
    "Pathankot",
    "Patiala",
    "Rupnagar",
    "Sahibzada Ajit Singh Nagar",
    "Zirakpur",
    "Ajmer",
    "Alwar",
    "Jaipur",
    "Jodhpur",
    "Kota",
    "Sirohi",
    "Sriganganagar",
    "Udaipur",
    "East Sikkim",
    "Gangtok",
    "South Sikkim",
    "Chennai",
    "Coimbatore",
    "Cuddalore",
    "Dharmapuri",
    "Dindigul",
    "Erode",
    "Hosur",
    "Kanchipuram",
    "Kanyakumari",
    "Karur",
    "Krishnagiri",
    "Kumbakonam",
    "Madurai",
    "Mayiladuthurai",
    "Nagercoil",
    "Ooty",
    "Ramanathapuram",
    "Salem",
    "Tenkasi",
    "Thanjavur",
    "Thoothukudi",
    "Tirunelveli",
    "Tiruppur",
    "Vellore",
    "Virudhunagar",
    "Armoor",
    "Hyderabad",
    "Rangareddy",
    "Mahabubnagar",
    "Mancherial",
    "Medak",
    "Nalgonda",
    "Nizamabad",
    "Sangareddy",
    "Secunderabad",
    "Siddipet",
    "Suryapet",
    "Warangal",
    "Agartala",
    "West Tripura",
    "Agra",
    "Aligarh",
    "Prayagraj",
    "Bareilly",
    "Gajraula",
    "Ghaziabad",
    "Gorakhpur",
    "Greater Noida",
    "Hapur",
    "Kanpur",
    "Kanpur Nagar",
    "Lucknow",
    "Mathura",
    "Meerut",
    "Moradabad",
    "Muzaffarnagar",
    "Noida",
    "Raya",
    "Saharanpur",
    "Varanasi",
    "Dehradun",
    "Haridwar",
    "Nainital",
    "Roorkee",
    "Rudrapur",
    "Alipurduar",
    "Asansol",
    "Bankura",
    "Chandannagar",
    "Cooch Behar",
    "Darjeeling",
    "Durgapur",
    "East Midnapore",
    "Hooghly",
    "Howrah",
    "Jalpaiguri",
    "Kalyani",
    "Kanchrapara",
    "Kolkata",
    "Malda",
    "North 24 Parganas",
    "Siliguri",
    "South 24 Parganas"
  ],
  "localities_completed": {},
  "inputs_completed": [],
  "links_completed": [],
  "current_page": 1,
  "last_refresh_time": 0
}