{
  "current_strategy": null,
  "current_state": null,
  "current_city": null,
  "current_locality": "Sevoke Road",
  "current_pincode": null,
  "current_sub_brand": null,
  "states_completed": [],
  "states_fully_completed": [
    "Andhra Pradesh",
    "Arunachal Pradesh",
    "Assam",
    "Bihar",
    "Chandigarh",
    "Chhattisgarh",
    "Daman & Diu",
    "Delhi",
    "Goa",
    "Gujarat",
    "Haryana",
    "Himachal Pradesh",
    "Jammu And Kashmir",
    "Jharkhand",
    "Karnataka",
    "Kerala",
    "Madhya Pradesh",
    "Maharashtra",
    "Manipur",
    "Nagaland",
    "Odisha",
    "Puducherry",
    "Punjab",
    "Rajasthan",
    "Tamil Nadu",
    "Telangana",
    "Tripura",
    "Uttar Pradesh",
    "Uttarakhand"
  ],
  "locality_fully_completed": [
    "Court Road",
    "Bhimavaram",
    "Highway Road",
    "Mallina Ngr",
    "Lakshmipuram",
    "Vidya Nagar",
    "Koti Reddy Circle",
    "Bhanugudi Junction",
    "Kanur",
    "New Bus Stand Road",
    "SBI Road",
    "Dargamitta",
    "Mangamuru Road",
    "Proddatur",
    "Palakonda Road",
    "Tanuku",
    "STV Nagar",
    "Tata Nagar",
    "Acharya Ranga Nagar",
    "Gayathri Nagar",
    "Aganampudi",
    "Balaji Nagar",
    "Kurmannapalem",
    "Maddilapalem",
    "Madurawada",
    "Mayuri Jn",
    "Zero Point",
    "Mancotta Road",
    "Supermarket",
    "Eleya Cinema",
    "Beltola",
    "Bailey Road",
    "Buddha Colony",
    "Polytechonic Chowk",
    "Industrial Area",
    "Smriti Nagar",
    "Mangla Chowk",
    "Transport Nagar",
    "Devendra Nagar",
    "Mowa",
    "Dabhel",
    "Dwarka, Sector 14",
    "Kamla Nagar",
    "Lajpat Nagar",
    "Laxmi Nagar",
    "Malviya Nagar",
    "Rajouri Garden Market",
    "Rohini, Sector 10",
    "Sector 21, Dwarka",
    "Subhash Nagar",
    "Gogal Junction",
    "Bicholim",
    "Mapusa",
    "Porvorim",
    "St Inzer Panjim",
    "Fl Gomes Road",
    "Bapunagar",
    "Bopal",
    "Motera",
    "Navrangpura",
    "Thaltej",
    "Vastrapur",
    "Vithal Udyogngr",
    "Bardoli",
    "Yogeswar Nagar",
    "Banking Circle",
    "Sector 16",
    "Khodiyar Colony",
    "Kalavad Road",
    "Nana Mava",
    "Adajan",
    "Anandpura",
    "Gorwa",
    "Jayesh Colony",
    "Vasana",
    "BK Chowk",
    "Sector 12",
    "Mehrauli Raod",
    "Sector 52",
    "Sector 65",
    "Sector 68",
    "Sector 85",
    "Dayal Singh Colony",
    "Model Town",
    "Baddi",
    "Canal Road",
    "Channi Himat",
    "Sector 3C",
    "East Singhbhum",
    "Kadru More",
    "Lalpur Chowk",
    "Sukhdoeo Nagar",
    "Goaves",
    "Sadhashavi Nagar",
    "KHB Col",
    "Sriguppa Road",
    "Banashankari",
    "Basaveshawara Ngr",
    "Begur",
    "Binnamangala",
    "Bommasandra",
    "Byatarayanapura",
    "Commercial Street",
    "Dommasandra",
    "Electronic City",
    "Hoodi",
    "Hulimavu",
    "Jayanagar East",
    "JP Nagar",
    "Kalyan Ngr",
    "Magadi Road",
    "Mahadevapura",
    "Munekolalu",
    "Nagavarapalya",
    "Narsipura",
    "Raja Rajeshwari Nagar",
    "Rajajinagar",
    "RT Nagar",
    "Sampige Road",
    "Sanjay Nagar",
    "Sector 3",
    "Srinivagilu",
    "Varthur",
    "Whitefield",
    "Yelahanka",
    "Udgir Road",
    "Lingad Gudi Road",
    "MG Road",
    "Jain Col",
    "Medical College Hostel Road",
    "Lakamanahalli",
    "U Mall Coin Road",
    "Super Market Road",
    "BM Road",
    "College Road",
    "Basaveshwar Nagar",
    "Kikani Road",
    "KS Roa Road",
    "Pandeshwar",
    "Jayalakshmipuram",
    "Kuvempunagar",
    "Vijay Nagar",
    "Puttur Main Road",
    "Station Road",
    "S N Market",
    "Amanikere",
    "JB Path Road",
    "Chengannur",
    "Angamaly",
    "Koyilandi",
    "Kunnamangalam",
    "Mankavu",
    "Aluva",
    "Chitethukkara",
    "Elamkulam",
    "Maradu",
    "North Paravur",
    "Palarivattom",
    "Perumbavoor",
    "Thoppumpady",
    "Thottumkalpeedika",
    "Tripunithura",
    "Elayavoor",
    "Payyanur",
    "Thana",
    "Peringala",
    "Kakkanad",
    "Kaloor",
    "Kadapakkada",
    "Kulanagara North",
    "Polayathodu",
    "Kottakkal",
    "Changanaserry",
    "Ettumanoor",
    "Kanjikuzhi",
    "Nagampadam",
    "Arayidathupalam",
    "Empora West",
    "Erangipalam Junction",
    "Kunnummal",
    "Mavoor Road",
    "Palazhi",
    "Rajaji Road",
    "Edappal",
    "Manjeri",
    "Kurisupally Junction",
    "Kalmandapam",
    "Pattambi",
    "Yakkara",
    "Adoor",
    "Perinthalmanna",
    "Punalur",
    "Puthanathani",
    "Valanchery",
    "Sulthan Bathery",
    "Thalassery",
    "Anayara",
    "Attingal",
    "Chacka Bypass",
    "Pattom Junction",
    "Pulimoodu",
    "Sreekaryam",
    "Pala Road",
    "Aranattukara",
    "East Fort",
    "Irinjalakuda",
    "Kodakara",
    "Kuttanellur",
    "North Chalakudy",
    "Puzhakkal",
    "Tirur",
    "Vadakara",
    "Banjari",
    "Hoshangabad Road",
    "Maharana Pratap Nagar",
    "MS Marg",
    "Railway Station",
    "Khajrana",
    "New Palasia",
    "Tukoganj",
    "Umariya",
    "Civic Centre",
    "Narmada Road",
    "Nanakheda",
    "Ambernath",
    "Jawahar Road",
    "Chilkalthana",
    "Badlapur",
    "Kasturba Road",
    "Kalyan",
    "Kolhapur",
    "Shivaji Chowk",
    "Andheri West",
    "Borivali East",
    "Dadar West",
    "Kamani",
    "LBS Road",
    "Malad West",
    "Mulund",
    "Vile Parle East",
    "Dharampeth",
    "Sadar",
    "Somalwada",
    "Untkhana",
    "Lawate Nagar Cidco",
    "Belapur, Sector 15",
    "Kharghar, Sector 2",
    "Nerul, Sector 40",
    "Panvel",
    "Sector 19D, Vashi",
    "Vashi, Sector 30A",
    "Nalasopara",
    "Amanora Magarpatta Rd",
    "Aundh",
    "Chinchwad",
    "Hadapsar",
    "Hinjawadi",
    "Karve Nagar",
    "Mohammed Wadi",
    "Pimple Saudagar",
    "Pimpri",
    "Shankar Seth Road",
    "Viman Nagar",
    "Wakad",
    "Bhayander West",
    "Dokali Pada",
    "Dombivli",
    "Mira Road",
    "Samata Nagar",
    "Service Road",
    "Virar",
    "Changangei Uchekon",
    "Dobhinalla Road",
    "Station Chowk",
    "Ashok Nagar",
    "Chandrasekharpur",
    "Industrial Estate",
    "Rasulgarh",
    "Alakapur",
    "Bajrakabati Road",
    "K Road",
    "Nayapalli",
    "Civil Township",
    "Ainthapali",
    "Heritage Town",
    "Rediyarpalayam",
    "Venkada Subba Reddy Salai",
    "Basant Avenue",
    "GT Road",
    "Rajguru Nagar",
    "Sector 66",
    "Sector 67",
    "Mamun",
    "Sector 118",
    "Handiaya",
    "Kishanpura",
    "VIP Road",
    "Panchsheel Nagar",
    "Khanpur",
    "Gandhinagar, Sector 4",
    "22 Godam Circle",
    "Adarsh Nagar",
    "Chomu Puliya Circle",
    "Pratap Nagar",
    "Meera Nagar",
    "Sardarpura",
    "DCM Road",
    "Hanumangarh Road",
    "Bhuwana",
    "Shukher",
    "Adyar",
    "Ambattur",
    "Aminjikarai",
    "Anna Nagar",
    "Kattuppakkam",
    "Kovilmbakkam",
    "Lakshman Nagar",
    "Medavakkam",
    "Mylapore",
    "Pammal",
    "Perambur",
    "Perumbakkam",
    "Perungudi",
    "Porur",
    "Royapettah",
    "Seetharaman Nagar",
    "Selaiyur",
    "T Nagar",
    "Vadapalani",
    "Vellachari Main Road",
    "West Thambaram",
    "Krishnasamy Road",
    "Papanaickenpalayam",
    "Pollachi",
    "Ramanathapuram",
    "Saibaba Colony",
    "Sivananthapuram",
    "Sowripalayam",
    "Thudiyalur",
    "Manjakuppam",
    "Sriram Nagar",
    "Virupatchipuram",
    "New Agraharam",
    "Brough Road",
    "Surampatti",
    "Parvathi Nagar",
    "Moovender Nagar",
    "Dhimmarajakulam",
    "Egattur",
    "Gerugambakkam",
    "Guduvanchery",
    "Kelmbakkam",
    "Neelangari",
    "Thiruvanchery",
    "Inam Karur",
    "Kumbakonam",
    "Chinna Chokkikulam",
    "Ponmeni",
    "KP Road",
    "Omalur Main Road",
    "PAY Nagar",
    "WGC road",
    "Vannarpettai",
    "Kumar Nagar",
    "Katapadi",
    "Krishna Nagar",
    "Hanamkonda",
    "Pochamma Maidan",
    "Abids",
    "Ameerpet",
    "Attapur",
    "Bala Nagar",
    "Banjara Hills",
    "Chandanagar",
    "Erramanzil",
    "Gachibowli",
    "Gaddiannaram Village",
    "Habsiguda",
    "Himayath Nagar",
    "Kapra",
    "Karmanghat",
    "Kondapur",
    "Kothapet",
    "LB Nagar",
    "Madhapur",
    "Mehdipatnam",
    "Narsingi",
    "Punjagutta",
    "RC Puram",
    "Safilguda",
    "Sanathnagar",
    "Tolichowki",
    "Uppal",
    "Vanasthalipuram",
    "Mukarampura",
    "Kaviraj Nagar",
    "Kosgi Road",
    "Luxtpet Road",
    "Petbasheerabad",
    "Sagar Road",
    "Phutong",
    "Bandlaguda Jagir",
    "Jeedimetla",
    "Keesara",
    "Gopal Rao Colony",
    "Dhaleswar",
    "Basai",
    "Sanjay Palace",
    "Vidya Nagar Colony",
    "Mukeriganj",
    "Mahanagar Colony",
    "Indirapuram",
    "Kaushambi",
    "Raj Nagar",
    "Raj Nagar Extension",
    "Rajendra Nagar",
    "Vaishali, Sector 3",
    "Airport Road",
    "Basaratpur",
    "Vijay Chowk",
    "Beta 2",
    "Pari Chowk",
    "Sector 4",
    "Bada Chauraha",
    "Kalyanpur",
    "Alambagh",
    "Amar Shaheed Path",
    "Gomti Nagar",
    "Gomti Nagar Extension",
    "Sector D1",
    "Sector E",
    "Sonakpur",
    "Sector 18",
    "Sector 32",
    "Sector 38",
    "Sector 75",
    "Civil Lines",
    "Bhelupur",
    "Gulab Bhag Colony",
    "Pahariya",
    "Shivpur",
    "Jakhan",
    "Kishan Nagar Chowk",
    "Mohakampur",
    "Niranjanpur",
    "Khanna Nagar",
    "Nainital Road",
    "Bara",
    "Uttorayan",
    "Bhawanipur",
    "Annapurna Bazar",
    "Jagat Banerjee Ghat Road",
    "Kharagpur",
    "Bansdroni",
    "Bhowanipur",
    "Bidhannagar, Sector 1",
    "Kalighat",
    "Kamarhati",
    "Mani Square",
    "Nager Bazar",
    "New Town",
    "Peerless Nagar",
    "Madhyamgram",
    "Sukanta More",
    "Khudiram Nagar",
    "Khagra",
    "Burdwan Road",
    "Cosmos"
  ],
  "cities_completed": {},
  "cities_fully_completed": [
    "Anantapur",
    "Bhimavaram",
    "Chittoor",
    "East Godavari",
    "Guntur",
    "Kadapa",
    "Kakinada",
    "Krishna",
    "Kurnool",
    "Machilipatnam",
    "Nellore",
    "Prakasam",
    "Proddatur",
    "Srikakulam",
    "Tanuku",
    "Tirupati",
    "Vijayawada",
    "Visakhapatnam",
    "Vizianagaram",
    "Papum Pare",
    "Dibrugarh",
    "Guwahati",
    "Jorhat",
    "Kamrup",
    "Patna",
    "Purnia",
    "Chandigarh",
    "Bhilai",
    "Bilaspur",
    "Korba",
    "Raipur",
    "Daman",
    "New Delhi",
    "Margao",
    "North Goa",
    "Panaji",
    "Porvorim",
    "Vasco Da Gama",
    "Ahmedabad",
    "Anand",
    "Bardoli",
    "Bhuj",
    "Gandhidham",
    "Gandhinagar",
    "Jamnagar",
    "Rajkot",
    "Surat",
    "Vadodara",
    "Faridabad",
    "Gurugram",
    "Karnal",
    "Sonipat",
    "Yamuna Nagar",
    "Solan",
    "Jammu",
    "Bokaro",
    "Jamshedpur",
    "Ranchi",
    "Belgaum",
    "Bellary",
    "Bengaluru",
    "Bidar",
    "Bijapur",
    "Chickmagalur",
    "Chitradurga",
    "Davanagere",
    "Dharwad",
    "Dharward",
    "Gulbarga",
    "Hassan",
    "Hosapete",
    "Hubli",
    "Karwar",
    "Mangaluru",
    "Mysore",
    "Puttur",
    "Raichur",
    "Shimoga",
    "Tumkur",
    "Udupi",
    "Alappuzha",
    "Angamaly",
    "Calicut",
    "Ernakulam",
    "Kannur",
    "Kayamkulam",
    "Kochi",
    "Kollam",
    "Kottakkal",
    "Kottayam",
    "Kozhikode",
    "Malappuram",
    "Manjeri",
    "Pala",
    "Palakkad",
    "Pathanamthitta",
    "Perintalmanna",
    "Punalur",
    "Puthanathani",
    "Sultan Bathery",
    "Thalassery",
    "Thiruvananthapuram",
    "Thodupuzha",
    "Thrissur",
    "Tirur",
    "Vadakara",
    "Bhopal",
    "Gwalior",
    "Indore",
    "Jabalpur",
    "Ujjain",
    "Ambernath",
    "Amravati",
    "Aurangabad",
    "Badlapur",
    "Chandrapur",
    "Kalyan",
    "Kolhapur",
    "Latur",
    "Mumbai",
    "Nagpur",
    "Nashik",
    "Navi Mumbai",
    "Palghar",
    "Pune",
    "Thane",
    "Virar",
    "Imphal",
    "Dimapur",
    "Balasore",
    "Bhubaneswar",
    "Brahmapur",
    "Cuttack",
    "Jajpur",
    "Khorda",
    "Rourkela",
    "Sambalpur",
    "Puducherry",
    "Amritsar",
    "Jalandhar",
    "Ludhiana",
    "Mohali",
    "Pathankot",
    "Sahibzada Ajit Singh Nagar",
    "Sangrur",
    "Zirakpur",
    "Ajmer",
    "Alwar",
    "Chittorgarh",
    "Jaipur",
    "Jodhpur",
    "Kota",
    "Sriganganagar",
    "Udaipur",
    "Chennai",
    "Coimbatore",
    "Cuddalore",
    "Dharmapuri",
    "Dindigul",
    "Erode",
    "Gobichettipalayam",
    "Hosur",
    "Kanchipuram",
    "Karur",
    "Kumbakonam",
    "Madurai",
    "Nagercoil",
    "Salem",
    "Thanjavur",
    "Thoothukudi",
    "Tirunelveli",
    "Tiruppur",
    "Vellore",
    "Hanamkonda",
    "Hyderabad",
    "Karimnagar",
    "Khammam",
    "Mahabubnagar",
    "Mancherial",
    "Medchal Malkajgiri",
    "Miryalaguda",
    "Nizamabad",
    "Rangareddy",
    "Secunderabad",
    "Agartala",
    "Agra",
    "Aligarh",
    "Azamgarh",
    "Bareilly",
    "Ghaziabad",
    "Gorakhpur",
    "Greater Noida",
    "Kanpur Nagar",
    "Lucknow",
    "Moradabad",
    "Noida",
    "Prayagraj",
    "Varanasi",
    "Dehradun",
    "Haridwar",
    "Nainital",
    "Rudrapur",
    "Balurghat",
    "Darjeeling",
    "East Midnapore",
    "Hooghly",
    "Howrah",
    "Kharagpur",
    "Kolkata",
    "Madhyamgram",
    "Malda",
    "Midnapore",
    "Murshidabad"
  ],
  "localities_completed": {
    "Andhra Pradesh": {
      "Anantapur": [
        "Court Road"
      ],
      "Bhimavaram": [
        "Bhimavaram"
      ],
      "Chittoor": [
        "Highway Road"
      ],
      "East Godavari": [
        "Mallina Ngr"
      ],
      "Guntur": [
        "Lakshmipuram",
        "Vidya Nagar"
      ],
      "Kadapa": [
        "Koti Reddy Circle"
      ],
      "Kakinada": [
        "Bhanugudi Junction"
      ],
      "Krishna": [
        "Kanur"
      ],
      "Kurnool": [
        "New Bus Stand Road"
      ],
      "Machilipatnam": [
        "SBI Road"
      ],
      "Nellore": [
        "Dargamitta"
      ],
      "Prakasam": [
        "Mangamuru Road"
      ],
      "Proddatur": [
        "Proddatur"
      ],
      "Srikakulam": [
        "Palakonda Road"
      ],
      "Tanuku": [
        "Tanuku"
      ],
      "Tirupati": [
        "STV Nagar",
        "Tata Nagar"
      ],
      "Vijayawada": [
        "Acharya Ranga Nagar",
        "Gayathri Nagar"
      ],
      "Visakhapatnam": [
        "Aganampudi",
        "Balaji Nagar",
        "Kurmannapalem",
        "Maddilapalem",
        "Madurawada"
      ],
      "Vizianagaram": [
        "Mayuri Jn"
      ]
    },
    "Arunachal Pradesh": {
      "Papum Pare": [
        "Zero Point"
      ]
    },
    "Assam": {
      "Dibrugarh": [
        "Mancotta Road"
      ],
      "Guwahati": [
        "Supermarket"
      ],
      "Jorhat": [
        "Eleya Cinema"
      ],
      "Kamrup": [
        "Beltola"
      ]
    },
    "Bihar": {
      "Patna": [
        "Bailey Road",
        "Buddha Colony"
      ],
      "Purnia": [
        "Polytechonic Chowk"
      ]
    },
    "Chandigarh": {
      "Chandigarh": [
        "Industrial Area"
      ]
    },
    "Chhattisgarh": {
      "Bhilai": [
        "Smriti Nagar"
      ],
      "Bilaspur": [
        "Mangla Chowk"
      ],
      "Korba": [
        "Transport Nagar"
      ],
      "Raipur": [
        "Devendra Nagar",
        "Mowa"
      ]
    },
    "Daman & Diu": {
      "Daman": [
        "Dabhel"
      ]
    },
    "Delhi": {
      "New Delhi": [
        "Dwarka, Sector 14",
        "Kamla Nagar",
        "Lajpat Nagar",
        "Laxmi Nagar",
        "Malviya Nagar",
        "Rajouri Garden Market",
        "Rohini, Sector 10",
        "Sector 21, Dwarka",
        "Subhash Nagar"
      ]
    },
    "Goa": {
      "Margao": [
        "Gogal Junction"
      ],
      "North Goa": [
        "Bicholim",
        "Mapusa",
        "Porvorim"
      ],
      "Panaji": [
        "St Inzer Panjim"
      ],
      "Vasco Da Gama": [
        "Fl Gomes Road"
      ]
    },
    "Gujarat": {
      "Ahmedabad": [
        "Bapunagar",
        "Bopal",
        "Motera",
        "Navrangpura",
        "Thaltej",
        "Vastrapur"
      ],
      "Anand": [
        "Vithal Udyogngr"
      ],
      "Bardoli": [
        "Bardoli"
      ],
      "Bhuj": [
        "Yogeswar Nagar"
      ],
      "Gandhidham": [
        "Banking Circle"
      ],
      "Gandhinagar": [
        "Sector 16"
      ],
      "Jamnagar": [
        "Khodiyar Colony"
      ],
      "Rajkot": [
        "Kalavad Road",
        "Nana Mava"
      ],
      "Surat": [
        "Adajan"
      ],
      "Vadodara": [
        "Anandpura",
        "Gorwa",
        "Jayesh Colony",
        "Vasana"
      ]
    },
    "Haryana": {
      "Faridabad": [
        "BK Chowk",
        "Sector 12"
      ],
      "Gurugram": [
        "Mehrauli Raod",
        "Sector 52",
        "Sector 65",
        "Sector 68",
        "Sector 85"
      ],
      "Karnal": [
        "Dayal Singh Colony"
      ],
      "Sonipat": [
        "Model Town"
      ]
    },
    "Himachal Pradesh": {
      "Solan": [
        "Baddi"
      ]
    },
    "Jammu And Kashmir": {
      "Jammu": [
        "Canal Road",
        "Channi Himat"
      ]
    },
    "Jharkhand": {
      "Bokaro": [
        "Sector 3C"
      ],
      "Jamshedpur": [
        "East Singhbhum"
      ],
      "Ranchi": [
        "Kadru More",
        "Lalpur Chowk",
        "Sukhdoeo Nagar"
      ]
    },
    "Karnataka": {
      "Belgaum": [
        "Goaves",
        "Sadhashavi Nagar"
      ],
      "Bellary": [
        "KHB Col",
        "Sriguppa Road"
      ],
      "Bengaluru": [
        "Banashankari",
        "Basaveshawara Ngr",
        "Begur",
        "Binnamangala",
        "Bommasandra",
        "Byatarayanapura",
        "Commercial Street",
        "Dommasandra",
        "Electronic City",
        "Hoodi",
        "Hulimavu",
        "Jayanagar East",
        "JP Nagar",
        "Kalyan Ngr",
        "Magadi Road",
        "Mahadevapura",
        "Munekolalu",
        "Nagavarapalya",
        "Narsipura",
        "Raja Rajeshwari Nagar",
        "Rajajinagar",
        "RT Nagar",
        "Sampige Road",
        "Sanjay Nagar",
        "Sector 3",
        "Srinivagilu",
        "Varthur",
        "Whitefield",
        "Yelahanka"
      ],
      "Bidar": [
        "Udgir Road"
      ],
      "Bijapur": [
        "Lingad Gudi Road"
      ],
      "Chickmagalur": [
        "MG Road"
      ],
      "Chitradurga": [
        "Jain Col"
      ],
      "Davanagere": [
        "Medical College Hostel Road"
      ],
      "Dharwad": [
        "Lakamanahalli"
      ],
      "Dharward": [
        "U Mall Coin Road"
      ],
      "Gulbarga": [
        "Super Market Road"
      ],
      "Hassan": [
        "BM Road"
      ],
      "Hosapete": [
        "College Road"
      ],
      "Hubli": [
        "Basaveshwar Nagar"
      ],
      "Karwar": [
        "Kikani Road"
      ],
      "Mangaluru": [
        "KS Roa Road",
        "Pandeshwar"
      ],
      "Mysore": [
        "Jayalakshmipuram",
        "Kuvempunagar",
        "Vijay Nagar"
      ],
      "Puttur": [
        "Puttur Main Road"
      ],
      "Raichur": [
        "Station Road"
      ],
      "Shimoga": [
        "S N Market"
      ],
      "Tumkur": [
        "Amanikere"
      ],
      "Udupi": [
        "JB Path Road"
      ]
    },
    "Kerala": {
      "Alappuzha": [
        "Chengannur"
      ],
      "Angamaly": [
        "Angamaly"
      ],
      "Calicut": [
        "Koyilandi",
        "Kunnamangalam",
        "Mankavu"
      ],
      "Ernakulam": [
        "Aluva",
        "Chitethukkara",
        "Elamkulam",
        "Maradu",
        "North Paravur",
        "Palarivattom",
        "Perumbavoor",
        "Thoppumpady",
        "Thottumkalpeedika",
        "Tripunithura"
      ],
      "Kannur": [
        "Elayavoor",
        "Payyanur",
        "Thana"
      ],
      "Kayamkulam": [
        "Peringala"
      ],
      "Kochi": [
        "Kakkanad",
        "Kaloor"
      ],
      "Kollam": [
        "Kadapakkada",
        "Kulanagara North",
        "Polayathodu"
      ],
      "Kottakkal": [
        "Kottakkal"
      ],
      "Kottayam": [
        "Changanaserry",
        "Ettumanoor",
        "Kanjikuzhi",
        "Nagampadam"
      ],
      "Kozhikode": [
        "Arayidathupalam",
        "Empora West",
        "Erangipalam Junction",
        "Kunnummal",
        "Mavoor Road",
        "Palazhi",
        "Rajaji Road"
      ],
      "Malappuram": [
        "Edappal"
      ],
      "Manjeri": [
        "Manjeri"
      ],
      "Pala": [
        "Kurisupally Junction"
      ],
      "Palakkad": [
        "Kalmandapam",
        "Pattambi",
        "Yakkara"
      ],
      "Pathanamthitta": [
        "Adoor"
      ],
      "Perintalmanna": [
        "Perinthalmanna"
      ],
      "Punalur": [
        "Punalur"
      ],
      "Puthanathani": [
        "Puthanathani",
        "Valanchery"
      ],
      "Sultan Bathery": [
        "Sulthan Bathery"
      ],
      "Thalassery": [
        "Thalassery"
      ],
      "Thiruvananthapuram": [
        "Anayara",
        "Attingal",
        "Chacka Bypass",
        "Pattom Junction",
        "Pulimoodu",
        "Sreekaryam"
      ],
      "Thodupuzha": [
        "Pala Road"
      ],
      "Thrissur": [
        "Aranattukara",
        "East Fort",
        "Irinjalakuda",
        "Kodakara",
        "Kuttanellur",
        "North Chalakudy",
        "Puzhakkal"
      ],
      "Tirur": [
        "Tirur"
      ],
      "Vadakara": [
        "Vadakara"
      ]
    },
    "Madhya Pradesh": {
      "Bhopal": [
        "Banjari",
        "Hoshangabad Road",
        "Maharana Pratap Nagar"
      ],
      "Gwalior": [
        "MS Marg",
        "Railway Station"
      ],
      "Indore": [
        "Khajrana",
        "New Palasia",
        "Tukoganj",
        "Umariya"
      ],
      "Jabalpur": [
        "Civic Centre",
        "Narmada Road"
      ],
      "Ujjain": [
        "Nanakheda"
      ]
    },
    "Maharashtra": {
      "Ambernath": [
        "Ambernath"
      ],
      "Amravati": [
        "Jawahar Road"
      ],
      "Aurangabad": [
        "Chilkalthana"
      ],
      "Badlapur": [
        "Badlapur"
      ],
      "Chandrapur": [
        "Kasturba Road"
      ],
      "Kalyan": [
        "Kalyan"
      ],
      "Kolhapur": [
        "Kolhapur"
      ],
      "Latur": [
        "Shivaji Chowk"
      ],
      "Mumbai": [
        "Andheri West",
        "Borivali East",
        "Dadar West",
        "Kamani",
        "LBS Road",
        "Malad West",
        "Mulund",
        "Vile Parle East"
      ],
      "Nagpur": [
        "Dharampeth",
        "Sadar",
        "Somalwada",
        "Untkhana"
      ],
      "Nashik": [
        "Lawate Nagar Cidco"
      ],
      "Navi Mumbai": [
        "Belapur, Sector 15",
        "Kharghar, Sector 2",
        "Nerul, Sector 40",
        "Panvel",
        "Sector 19D, Vashi",
        "Vashi, Sector 30A"
      ],
      "Palghar": [
        "Nalasopara"
      ],
      "Pune": [
        "Amanora Magarpatta Rd",
        "Aundh",
        "Chinchwad",
        "Hadapsar",
        "Hinjawadi",
        "Karve Nagar",
        "Mohammed Wadi",
        "Pimple Saudagar",
        "Pimpri",
        "Shankar Seth Road",
        "Viman Nagar",
        "Wakad"
      ],
      "Thane": [
        "Bhayander West",
        "Dokali Pada",
        "Dombivli",
        "Mira Road",
        "Samata Nagar",
        "Service Road"
      ],
      "Virar": [
        "Virar"
      ]
    },
    "Manipur": {
      "Imphal": [
        "Changangei Uchekon"
      ]
    },
    "Nagaland": {
      "Dimapur": [
        "Dobhinalla Road"
      ]
    },
    "Odisha": {
      "Balasore": [
        "Station Chowk"
      ],
      "Bhubaneswar": [
        "Ashok Nagar",
        "Chandrasekharpur",
        "Industrial Estate",
        "Rasulgarh"
      ],
      "Brahmapur": [
        "Alakapur"
      ],
      "Cuttack": [
        "Bajrakabati Road"
      ],
      "Jajpur": [
        "K Road"
      ],
      "Khorda": [
        "Nayapalli"
      ],
      "Rourkela": [
        "Civil Township"
      ],
      "Sambalpur": [
        "Ainthapali"
      ]
    },
    "Puducherry": {
      "Puducherry": [
        "Heritage Town",
        "Rediyarpalayam",
        "Venkada Subba Reddy Salai"
      ]
    },
    "Punjab": {
      "Amritsar": [
        "Basant Avenue",
        "GT Road"
      ],
      "Ludhiana": [
        "Rajguru Nagar"
      ],
      "Mohali": [
        "Sector 66",
        "Sector 67"
      ],
      "Pathankot": [
        "Mamun"
      ],
      "Sahibzada Ajit Singh Nagar": [
        "Sector 118"
      ],
      "Sangrur": [
        "Handiaya"
      ],
      "Zirakpur": [
        "Kishanpura",
        "VIP Road"
      ]
    },
    "Rajasthan": {
      "Ajmer": [
        "Panchsheel Nagar"
      ],
      "Alwar": [
        "Khanpur"
      ],
      "Chittorgarh": [
        "Gandhinagar, Sector 4"
      ],
      "Jaipur": [
        "22 Godam Circle",
        "Adarsh Nagar",
        "Chomu Puliya Circle",
        "Pratap Nagar"
      ],
      "Jodhpur": [
        "Meera Nagar",
        "Sardarpura"
      ],
      "Kota": [
        "DCM Road"
      ],
      "Sriganganagar": [
        "Hanumangarh Road"
      ],
      "Udaipur": [
        "Bhuwana",
        "Shukher"
      ]
    },
    "Tamil Nadu": {
      "Chennai": [
        "Adyar",
        "Ambattur",
        "Aminjikarai",
        "Anna Nagar",
        "Kattuppakkam",
        "Kovilmbakkam",
        "Lakshman Nagar",
        "Medavakkam",
        "Mylapore",
        "Pammal",
        "Perambur",
        "Perumbakkam",
        "Perungudi",
        "Porur",
        "Royapettah",
        "Seetharaman Nagar",
        "Selaiyur",
        "T Nagar",
        "Vadapalani",
        "Vellachari Main Road",
        "West Thambaram"
      ],
      "Coimbatore": [
        "Krishnasamy Road",
        "Papanaickenpalayam",
        "Pollachi",
        "Ramanathapuram",
        "Saibaba Colony",
        "Sivananthapuram",
        "Sowripalayam",
        "Thudiyalur"
      ],
      "Cuddalore": [
        "Manjakuppam",
        "Sriram Nagar"
      ],
      "Dharmapuri": [
        "Virupatchipuram"
      ],
      "Dindigul": [
        "New Agraharam"
      ],
      "Erode": [
        "Brough Road",
        "Surampatti"
      ],
      "Gobichettipalayam": [
        "Parvathi Nagar"
      ],
      "Hosur": [
        "Moovender Nagar"
      ],
      "Kanchipuram": [
        "Dhimmarajakulam",
        "Egattur",
        "Gerugambakkam",
        "Guduvanchery",
        "Kelmbakkam",
        "Neelangari",
        "Thiruvanchery"
      ],
      "Karur": [
        "Inam Karur"
      ],
      "Kumbakonam": [
        "Kumbakonam"
      ],
      "Madurai": [
        "Chinna Chokkikulam",
        "Ponmeni"
      ],
      "Nagercoil": [
        "KP Road"
      ],
      "Salem": [
        "Omalur Main Road"
      ],
      "Thanjavur": [
        "PAY Nagar"
      ],
      "Thoothukudi": [
        "WGC road"
      ],
      "Tirunelveli": [
        "Vannarpettai"
      ],
      "Tiruppur": [
        "Kumar Nagar"
      ],
      "Vellore": [
        "Katapadi",
        "Krishna Nagar"
      ]
    },
    "Telangana": {
      "Hanamkonda": [
        "Hanamkonda",
        "Pochamma Maidan"
      ],
      "Hyderabad": [
        "Abids",
        "Ameerpet",
        "Attapur",
        "Bala Nagar",
        "Banjara Hills",
        "Chandanagar",
        "Erramanzil",
        "Gachibowli",
        "Gaddiannaram Village",
        "Habsiguda",
        "Himayath Nagar",
        "Kapra",
        "Karmanghat",
        "Kondapur",
        "Kothapet",
        "LB Nagar",
        "Madhapur",
        "Mehdipatnam",
        "Narsingi",
        "Punjagutta",
        "RC Puram",
        "Safilguda",
        "Sanathnagar",
        "Tolichowki",
        "Uppal",
        "Vanasthalipuram"
      ],
      "Karimnagar": [
        "Mukarampura"
      ],
      "Khammam": [
        "Kaviraj Nagar"
      ],
      "Mahabubnagar": [
        "Kosgi Road"
      ],
      "Mancherial": [
        "Luxtpet Road"
      ],
      "Medchal Malkajgiri": [
        "Petbasheerabad"
      ],
      "Miryalaguda": [
        "Sagar Road"
      ],
      "Nizamabad": [
        "Phutong"
      ],
      "Rangareddy": [
        "Bandlaguda Jagir",
        "Jeedimetla",
        "Keesara"
      ],
      "Secunderabad": [
        "Gopal Rao Colony"
      ]
    },
    "Tripura": {
      "Agartala": [
        "Dhaleswar"
      ]
    },
    "Uttar Pradesh": {
      "Agra": [
        "Basai",
        "Sanjay Palace"
      ],
      "Aligarh": [
        "Vidya Nagar Colony"
      ],
      "Azamgarh": [
        "Mukeriganj"
      ],
      "Bareilly": [
        "Mahanagar Colony"
      ],
      "Ghaziabad": [
        "Indirapuram",
        "Kaushambi",
        "Raj Nagar",
        "Raj Nagar Extension",
        "Rajendra Nagar",
        "Vaishali, Sector 3"
      ],
      "Gorakhpur": [
        "Airport Road",
        "Basaratpur",
        "Vijay Chowk"
      ],
      "Greater Noida": [
        "Beta 2",
        "Pari Chowk",
        "Sector 4"
      ],
      "Kanpur Nagar": [
        "Bada Chauraha",
        "Kalyanpur"
      ],
      "Lucknow": [
        "Alambagh",
        "Amar Shaheed Path",
        "Gomti Nagar",
        "Gomti Nagar Extension",
        "Sector D1",
        "Sector E"
      ],
      "Moradabad": [
        "Sonakpur"
      ],
      "Noida": [
        "Sector 18",
        "Sector 32",
        "Sector 38",
        "Sector 75"
      ],
      "Prayagraj": [
        "Civil Lines"
      ],
      "Varanasi": [
        "Bhelupur",
        "Gulab Bhag Colony",
        "Pahariya",
        "Shivpur"
      ]
    },
    "Uttarakhand": {
      "Dehradun": [
        "Jakhan",
        "Kishan Nagar Chowk",
        "Mohakampur",
        "Niranjanpur"
      ],
      "Haridwar": [
        "Khanna Nagar"
      ],
      "Rudrapur": [
        "Nainital Road"
      ]
    },
    "West Bengal": {
      "Balurghat": [
        "Bara"
      ],
      "Darjeeling": [
        "Uttorayan"
      ],
      "East Midnapore": [
        "Bhawanipur"
      ],
      "Hooghly": [
        "Annapurna Bazar"
      ],
      "Howrah": [
        "Jagat Banerjee Ghat Road"
      ],
      "Kharagpur": [
        "Kharagpur"
      ],
      "Kolkata": [
        "Bansdroni",
        "Bhowanipur",
        "Bidhannagar, Sector 1",
        "Kalighat",
        "Kamarhati",
        "Mani Square",
        "Nager Bazar",
        "New Town",
        "Peerless Nagar"
      ],
      "Madhyamgram": [
        "Madhyamgram"
      ],
      "Malda": [
        "Sukanta More"
      ],
      "Midnapore": [
        "Khudiram Nagar"
      ],
      "Murshidabad": [
        "Khagra"
      ],
      "Siliguri": [
        "Burdwan Road",
        "Cosmos",
        "Sevoke Road"
      ]
    }
  },
  "inputs_completed": [],
  "links_completed": [],
  "current_page": 1,
  "last_refresh_time": 0
}