{
  "current_strategy": null,
  "current_state": null,
  "current_city": null,
  "current_locality": null,
  "current_pincode": null,
  "current_sub_brand": null,
  "states_completed": [],
  "states_fully_completed": [],
  "locality_fully_completed": [],
  "cities_completed": {},
  "cities_fully_completed": [],
  "localities_completed": {},
  "inputs_completed": [
    "Mumbai",
    "Thane",
    "Wardha",
    "Nagaur",
    "Delhi",
    "Bengaluru",
    "Bengaluru Urban",
    "Srinagar",
    "Bengaluru Rural",
    "Hamirpur",
    "Ramanagara",
    "Kolkata",
    "Howrah",
    "24 Paraganas South",
    "Nashik",
    "Chirang",
    "Purulia",
    "Hooghly",
    "Udam Singh Nagar",
    "24 Paraganas North",
    "",
    "Osmanabad",
    "Chennai",
    "Kanchipuram",
    "Thiruvallur",
    "Jalgaon",
    "Ganganagar",
    "East",
    "Hyderabad",
    "Ranga Reddy",
    "Ahmednagar",
    "Theni",
    "Medchal Malkajgiri",
    "Jhajjar",
    "Bhilwara",
    "Dhule",
    "Tirunelveli",
    "Mahabubnagar",
    "Dehradun",
    "Murshidabad",
    "Warangal Rural",
    "Nagarkurnool",
    "Sri Muktsar Sahib",
    "Nabarangpur",
    "Kamareddy",
    "Thrissur",
    "Vikarabad",
    "Kheri",
    "Anantapur",
    "Sangareddy",
    "Ashoknagar",
    "Jalandhar",
    "Valsad",
    "Koppal",
    "Pune",
    "Samastipur",
    "Nagpur",
    "Maharajganj",
    "Ballia",
    "Indore",
    "Bhopal",
    "Faridabad",
    "Visakhapatnam",
    "Visakhapatanam",
    "Vizianagaram",
    "Aurangabad",
    "Solapur",
    "Coimbatore",
    "Madurai",
    "Vijayawada",
    "Krishna",
    "Guntur",
    "Mysore",
    "Mysuru",
    "Hubli",
    "Dharwad",
    "Pratapgarh",
    "Salem",
    "Kurnool",
    "Tiruchirappalli",
    "Ballari",
    "Bhubaneshwar",
    "Khordha",
    "Baleshwar",
    "Rayagada",
    "Cuttack",
    "Puri",
    "Raipur",
    "Baloda Bazar",
    "Durg",
    "Bhilai",
    "Kohima",
    "Tehri Garhwal",
    "Jamshedpur",
    "Borivli",
    "Cochin",
    "Ernakulam",
    "Amravati",
    "Sangli",
    "Warangal",
    "Warangal Urban",
    "Nalgonda",
    "Jangoan",
    "Nanded",
    "Raurkela",
    "Sundargarh",
    "Palghar",
    "Durgapur",
    "Kolhapur",
    "Asansol",
    "Kalaburagi",
    "Bhatpara",
    "Surat",
    "Alipurduar",
    "Ramgundam",
    "Peddapalli",
    "Mancherial",
    "Davangere",
    "Yavatmal",
    "Akola",
    "Belagavi",
    "Dakshina Kannada",
    "Spsr Nellore",
    "Krishnagiri",
    "Ganjam",
    "Shivamogga",
    "Tumakuru",
    "Nizamabad",
    "East Godavari",
    "West Godavari",
    "Jagatsinghapur",
    "Bilaspur",
    "Bijapur",
    "Barpeta",
    "Tirupati",
    "Tirupathur",
    "Chittoor",
    "Avadi",
    "Karimnagar",
    "Gorakhpur",
    "Puducherry",
    "Cuddalore",
    "Shrirampur",
    "Raichur",
    "Gosaba",
    "Kharagpur",
    "Tanjore",
    "Thanjavur",
    "Nagercoil",
    "Rewa",
    "Bidar",
    "Dindigul",
    "Y.S.R.",
    "Vellore",
    "Ranipet",
    "Chengalpattu",
    "Prakasam",
    "Khammam",
    "Amreli",
    "Bhadravati",
    "Chandrapur",
    "Sambalpur",
    "Medinipur",
    "Serilingampalle",
    "Erode",
    "Namakkal",
    "Krishnanagar",
    "Purba Bardhaman",
    "Balurghat",
    "Habra",
    "Kumbakonam",
    "Chitradurga",
    "Kolar",
    "Mandya",
    "Hassan",
    "Chikkamagaluru",
    "Guntakal Junction",
    "Adilabad",
    "Chicacole",
    "Srikakulam",
    "Uppal Kalan",
    "Yadadri Bhuvanagiri",
    "Yelahanka",
    "Balasore",
    "Dharmavaram",
    "Satara",
    "Pudukkottai",
    "Achalpur",
    "Villupuram",
    "Tenali",
    "Rajapalayam",
    "Virudhunagar",
    "Nabadwip",
    "Basirhat",
    "Bagalkote",
    "Mayurbhanj",
    "Bhadrak",
    "Sivaganga",
    "Haveri",
    "Neyveli",
    "Suryapet",
    "Gangawati",
    "Udgir",
    "Nagapattinam",
    "Hinganghat",
    "Karur",
    "Medinipur West",
    "Belgaum",
    "Thoothukudi",
    "Nellore",
    "Tiruppur",
    "Panihati",
    "Ahmadnagar",
    "Dhulia",
    "Latur",
    "Shimoga",
    "Tumkur",
    "Kulti",
    "Barddhaman",
    "Barasat",
    "Hospet",
    "Machilipatnam",
    "Kultali",
    "Chandannagar",
    "Baharampur",
    "Hugli",
    "Ongole",
    "Gadag-Betageri",
    "Haldia",
    "Raiganj",
    "Ingraj Bazar",
    "Nandyal",
    "Udupi",
    "Ranchi",
    "Tiruvannamalai",
    "Mahbubnagar",
    "Robertsonpet",
    "Bankura",
    "Hindupur",
    "Cuddapah",
    "Gondia",
    "Puruliya",
    "Siliguri",
    "Maheshtala",
    "Ozhukarai",
    "Uluberia",
    "Eluru",
    "Barshi",
    "Narasaraopet",
    "Ambur",
    "Bagalkot",
    "Baripada",
    "Karaikkudi",
    "Navi Mumbai",
    "Pimpri",
    "Teni",
    "Haora",
    "Bhayandar",
    "Gulbarga",
    "Mangalore",
    "Ambattur",
    "Bellary",
    "Chanda",
    "Brahmapur",
    "Rajahmundry",
    "Kakinada",
    "Quthbullapur",
    "Proddatur",
    "Tambaram",
    "Adoni",
    "Malkajgiri",
    "Bhimavaram",
    "Chikmagalur",
    "Gudivada",
    "Vasai Virar",
    "Davanagere",
    "Hastsal",
    "Madanapalle",
    "Kurichi",
    "Tadpatri",
    "Jalpaiguri",
    "Ranibennur",
    "Tadepalligudem",
    "Miryalaguda",
    "Chilakaluripet",
    "Porbandar",
    "Surendranagar Dudhrej",
    "Madavaram",
    "Secunderabad",
    "Kochi",
    "Pithampur",
    "Nowrangapur",
    "Dewas",
    "Kanchrapara",
    "Bangaon",
    "Bhiwandi",
    "Ulhasnagar",
    "Gajuwaka",
    "Madhyamgram",
    "Raniganj",
    "Panvel",
    "Gangapur",
    "Bhilai Nagar",
    "Bahraigh",
    "Khardah",
    "Rishra",
    "Dabgram",
    "Sehore",
    "Modinagar",
    "Neemuch",
    "Pimpri-Chinchwad",
    "Mira Bhayandar",
    "Dhulian",
    "Bommasandra",
    "Dinapore",
    "Kolapur",
    "Ichalkaranji",
    "Chapra",
    "Rajnandgaon",
    "Hoshangabad",
    "Churu",
    "Nagda",
    "Robertson Pet",
    "Kukatpalli",
    "Vidisha",
    "Shivaji Nagar",
    "Vejalpur",
    "Tiruvottiyur",
    "Pallavaram",
    "Guntakal",
    "Kottayam",
    "Ramagundam",
    "Jamuria",
    "Burhanpur",
    "Khandwa",
    "Mandsaur",
    "Hubli-Dharwad",
    "Malegaon",
    "Baranagar",
    "Amroha",
    "Pathankot",
    "Alleppey",
    "Mulund",
    "Ulwe",
    "Mira Road",
    "Dombivli",
    "Dombivli East",
    "Pulgaon",
    "Ramanagar",
    "Channapatna",
    "Bidadi",
    "Bangalore",
    "Kanakapura",
    "Kankapura",
    "Magadi",
    "Kancheepuram",
    "Little Kanchipuram",
    "Thiruvathipuram",
    "Cheyyar",
    "Uthukottai",
    "Arakkonam",
    "Bhusawal",
    "Muduchintalapalli",
    "Yadadri Bhuvangiri",
    "Siddipet",
    "Palayamkottai",
    "Nowrangpur",
    "Koraput",
    "Kotapad",
    "Ramayampet",
    "Gambhiraopet",
    "Nizampet",
    "Noida",
    "Papampeta",
    "Narpala",
    "Pamidi",
    "Sadasivapet",
    "Saswad",
    "Vishakapatnam",
    "Vishakhapatnam",
    "Anakapalli",
    "Anakapalle",
    "Ankapalli",
    "Chhatrapati Sambhajinagar",
    "Alagaradi",
    "Othakadai",
    "Chinna Anupanadi",
    "Not Specified",
    "Kadachanendhal",
    "Madhurai",
    "Vijaywada",
    "Gollapudi",
    "Ibrahimpatnam",
    "Kondapalli",
    "G Konduru",
    "Mylavaram",
    "Nanjangud",
    "Subhash",
    "Dharawad",
    "Vidyanagar",
    "Hubali",
    "Hubballi",
    "Haliyal",
    "Banamalipur",
    "Khurda",
    "Jatani",
    "Banki",
    "Cuttak",
    "Bhubaneswar",
    "Chandaka",
    "Khorda",
    "Athagarh",
    "Civil Station",
    "Supela Bhilai",
    "Vazhakkala",
    "Eranakulam",
    "Chotanikara",
    "Perumbavoor",
    "Amaravati",
    "Chandur Railway",
    "Miraj Sangli",
    "Jaysingpur",
    "Tasgaon",
    "Jangaon",
    "Kamalapur",
    "Ghanpur",
    "Uppal",
    "Hanamkonda",
    "Hanmakonda",
    "Narsampeta",
    "Hanumakonda",
    "Mulugu",
    "Mahabubabad",
    "Rourkela",
    "Rajgangpur",
    "Jharsuguda",
    "Paschim Burdwan",
    "Paschim Bardhaman",
    "Gopalpur",
    "Pandabeswar",
    "Sonamukhi",
    "Illambazar",
    "Mankar",
    "Bud Bud",
    "Andal",
    "Ukhra",
    "Godavarikhani",
    "Kamanpur",
    "Peddapally",
    "Puttur",
    "Belthangady",
    "Kadaba",
    "Kaveripattanam",
    "Bargur",
    "Rayakottai",
    "Thirupatthur",
    "Palacode",
    "Nizambad",
    "Bodhan",
    "Armur",
    "Yeleswaram",
    "Jangareddy Gudem",
    "Koyyalgudem",
    "Vijayapura",
    "Tirupathi",
    "Renigunta",
    "Koothanallur",
    "Mannargudi",
    "Madukkur",
    "Chitoor",
    "Chittor",
    "Pakala"
  ],
  "links_completed": [],
  "current_page": 1,
  "last_refresh_time": 0
}