{
  "current_strategy": null,
  "current_state": "Zirakpur",
  "current_city": null,
  "current_locality": null,
  "current_pincode": null,
  "current_sub_brand": null,
  "states_completed": [
    "Agartala",
    "Agra",
    "Ahilya nagar",
    "Ahmedabad",
    "Aizawl",
    "Ajmer",
    "Akbarpur",
    "Akhnoor",
    "Akola",
    "Alappuzha",
    "Aligarh",
    "Almora",
    "Alwar",
    "Ambala",
    "Ambikapur",
    "Amravati",
    "Amritsar",
    "Anand",
    "Angul",
    "Ankleshwar",
    "Asansol",
    "Ashoknagar",
    "Assandh",
    "Ateli",
    "Auraiya",
    "Aurangabad",
    "Azamgarh",
    "Baddi",
    "Baghpat",
    "Bahadurgarh",
    "Baihata chariali",
    "Balasore",
    "Baloda bazar",
    "Bankura",
    "Banswara",
    "Barabanki",
    "Baramati",
    "Baramulla",
    "Baran",
    "Bardhaman",
    "Bareilly",
    "Barhalganj",
    "Baripada",
    "Barpeta",
    "Batala",
    "Bathinda",
    "Belagavi",
    "Bengaluru",
    "Bhadrak",
    "Bharatpur",
    "Bharuch",
    "Bhavnagar",
    "Bhilai",
    "Bhilwara",
    "Bhimavaram",
    "Bhiwadi",
    "Bhiwandi",
    "Bhiwani",
    "Bhopal",
    "Bhubaneswar",
    "Bhuj",
    "Bijnor",
    "Bikaner",
    "Bilaspur",
    "Biswanath charali",
    "Bongaigaon",
    "Botad",
    "Brahmapur",
    "Bulandshahr",
    "Chaksu",
    "Chamba",
    "Chandigarh",
    "Chandrapur",
    "Charkhi dadri",
    "Chavakkad",
    "Chennai",
    "Chhindwara",
    "Chikhli",
    "Chirawa",
    "Chirkunda",
    "Chittoor",
    "Chittorgarh",
    "Coimbatore",
    "Cooch behar",
    "Cuddalore",
    "Cuttack",
    "Dabhoi",
    "Dahod",
    "Damoh",
    "Darbhanga",
    "Datia",
    "Davanagere",
    "Dehradun",
    "Delhi",
    "Deoghar",
    "Deoria",
    "Dhamtari",
    "Dhanbad",
    "Dhar",
    "Dharwad",
    "Dhenkanal",
    "Dhule",
    "Dibrugarh",
    "Dimapur",
    "Dindigul",
    "Durg",
    "Durgapur",
    "Erode",
    "Etah",
    "Etawah",
    "Faizabad",
    "Faridabad",
    "Faridkot",
    "Farukh nagar",
    "Fatehpur",
    "Firozabad",
    "Gajraula",
    "Gandhidham",
    "Gandhinagar",
    "Gangtok",
    "Gaya",
    "Ghaziabad",
    "Giridih",
    "Goa",
    "Godhra",
    "Gohana",
    "Gokak",
    "Gonda",
    "Gondia",
    "Gorakhpur",
    "Greater noida",
    "Guduvancheri",
    "Guna",
    "Guntur",
    "Gurdaspur",
    "Gurugram",
    "Guwahati",
    "Gwalior",
    "Haldwani",
    "Halvad",
    "Hardoi",
    "Hassan",
    "Hathras",
    "Hazaribagh",
    "Himatnagar",
    "Hisar",
    "Hosapete",
    "Hoshiarpur",
    "Hoskote",
    "Hosur",
    "Howrah",
    "Hyderabad",
    "Imphal",
    "Indore",
    "Itanagar",
    "Jabalpur",
    "Jagdalpur",
    "Jaipur",
    "Jajpur",
    "Jalandhar",
    "Jalgaon",
    "Jalore",
    "Jalpaiguri",
    "Jammu",
    "Jamnagar",
    "Jamshedpur",
    "Jangaon",
    "Janjgir",
    "Jaunpur",
    "Jeypore",
    "Jhalawar",
    "Jhansi",
    "Jhargram",
    "Jharsuguda",
    "Jhunjhunu",
    "Jind",
    "Jodhpur",
    "Jorhat",
    "Junagadh",
    "Kaithal",
    "Kakinada",
    "Kalaburagi",
    "Kalyani",
    "Kamareddy",
    "Kannauj",
    "Kannur",
    "Kanpur",
    "Karaikudi",
    "Karimnagar",
    "Karnal",
    "Karur",
    "Kasaragod",
    "Kashipur",
    "Kathua",
    "Kawardha",
    "Kayamkulam",
    "Kendrapara",
    "Khammam",
    "Kharagpur",
    "Kharghar",
    "Khargone",
    "Khurja",
    "Kishanganj",
    "Kochi",
    "Kohima",
    "Kolar",
    "Kolhapur",
    "Kolkata",
    "Kollam",
    "Korba",
    "Kosli",
    "Kota",
    "Kothagudem",
    "Kottayam",
    "Kozhikode",
    "Kukshi",
    "Kullu",
    "Kunnamkulam",
    "Kurnool",
    "Kurukshetra",
    "Lakhimpur kheri",
    "Latur",
    "Leh",
    "Lucknow",
    "Ludhiana",
    "Madgaon",
    "Madurai",
    "Maharajganj",
    "Mahbubnagar",
    "Mahendragarh",
    "Mahoba",
    "Mainpuri",
    "Malappuram",
    "Malda",
    "Manasa",
    "Mancherial",
    "Mandi",
    "Mandla",
    "Manesar",
    "Mangaldoi",
    "Mangaluru",
    "Mathura",
    "Medak",
    "Meerut",
    "Mehsana",
    "Mirzapur",
    "Modinagar",
    "Moga",
    "Moradabad",
    "Morbi",
    "Mumbai",
    "Mungeli",
    "Muvattupuzha",
    "Muzaffarnagar",
    "Muzaffarpur",
    "Mysuru",
    "Nadiad(gj)",
    "Nagaon",
    "Nagaur",
    "Nagercoil",
    "Nagpur",
    "Nagrota bagwan",
    "Nakodar",
    "Nalbari",
    "Nalgonda",
    "Namakkal",
    "Nanded",
    "Nandyala",
    "Naraingarh",
    "Narasaraopeta",
    "Narayangaon",
    "Narmadapuram",
    "Narnaul",
    "Nashik",
    "Naugarh",
    "Navsari",
    "Nawanshahr",
    "Neemuch",
    "Nellore",
    "New delhi",
    "Nirmal",
    "Nizamabad",
    "Noida",
    "North lakhimpur",
    "Nuh",
    "Ongole",
    "Ooty",
    "Padrauna",
    "Palakkad",
    "Palanpur",
    "Palghar",
    "Pali",
    "Palwal",
    "Panaji",
    "Panchkula",
    "Panipat",
    "Paonta sahib",
    "Paradeep",
    "Patan",
    "Pathankot",
    "Patna",
    "Pendurthi",
    "Perinthalmanna",
    "Phaltan",
    "Pratapgarh",
    "Prayagraj",
    "Puducherry",
    "Pune",
    "Purnia",
    "Raebareli",
    "Raigarh",
    "Raipur",
    "Rajamahendravaram",
    "Rajkot",
    "Rajouri",
    "Rajpipla",
    "Rajpura",
    "Rajsamand",
    "Ramanattukara",
    "Ramgarh",
    "Ranaghat",
    "Ranchi",
    "Ratlam",
    "Ratnagiri",
    "Rewa",
    "Rewari",
    "Rohtak",
    "Roorkee",
    "Rourkela",
    "Rudraprayag",
    "Rudrapur",
    "Rupnagar",
    "Sagara",
    "Saharanpur",
    "Sahibabad",
    "Sahibzada ajit singh nagar",
    "Salem",
    "Sambalpur",
    "Sangamner",
    "Sangli",
    "Sangrur",
    "Satara",
    "Satna",
    "Sawai madhopur",
    "Secunderabad",
    "Serampore",
    "Shahdol",
    "Shahjahanpur",
    "Shillong",
    "Shilphata",
    "Shimla",
    "Shirur",
    "Shivamogga",
    "Shivpuri",
    "Siddipet",
    "Sikandrabad",
    "Sikar",
    "Silchar",
    "Siliguri",
    "Silvassa",
    "Singrauli",
    "Sirsa",
    "Sitapur",
    "Sivasagar",
    "Sohna",
    "Solan",
    "Solapur",
    "Sonipat",
    "Sri ganganagar",
    "Srikakulam",
    "Srinagar",
    "Sulur",
    "Supaul",
    "Surat",
    "Surendranagar",
    "Taliparamba",
    "Tandur",
    "Tarn taran",
    "Tenkasi",
    "Tezpur",
    "Thalassery",
    "Thamarassery",
    "Thane",
    "Thanjavur",
    "Theni",
    "Thiruvananthapuram",
    "Thoothukudi",
    "Thrissur",
    "Tinsukia",
    "Tirunelveli",
    "Tirupati",
    "Tiruppur",
    "Tirur",
    "Tiruvannamalai",
    "Tonk",
    "Tumakuru",
    "Udaipur",
    "Udhampur",
    "Udupi",
    "Ujjain",
    "Vada",
    "Vadodara",
    "Vapi",
    "Varanasi",
    "Vasai-virar",
    "Vellore",
    "Vijayapura",
    "Vijayawada",
    "Visakhapatnam",
    "Vizianagaram",
    "Warangal",
    "Yamuna nagar",
    "Yavatmal",
    "Zirakpur"
  ],
  "states_fully_completed": [
    "Agartala",
    "Agra",
    "Ahilya nagar",
    "Ahmedabad",
    "Aizawl",
    "Ajmer",
    "Akbarpur",
    "Akhnoor",
    "Akola",
    "Alappuzha",
    "Aligarh",
    "Almora",
    "Alwar",
    "Ambala",
    "Ambikapur",
    "Amravati",
    "Amritsar",
    "Anand",
    "Angul",
    "Ankleshwar",
    "Asansol",
    "Ashoknagar",
    "Assandh",
    "Ateli",
    "Auraiya",
    "Aurangabad",
    "Azamgarh",
    "Baddi",
    "Baghpat",
    "Bahadurgarh",
    "Baihata chariali",
    "Balasore",
    "Baloda bazar",
    "Bankura",
    "Banswara",
    "Barabanki",
    "Baramati",
    "Baramulla",
    "Baran",
    "Bardhaman",
    "Bareilly",
    "Barhalganj",
    "Baripada",
    "Barpeta",
    "Batala",
    "Bathinda",
    "Bathinda",
    "Belagavi",
    "Bengaluru",
    "Bhadrak",
    "Bharatpur",
    "Bharuch",
    "Bhavnagar",
    "Bhilai",
    "Bhilwara",
    "Bhimavaram",
    "Bhiwadi",
    "Bhiwandi",
    "Bhiwani",
    "Bhopal",
    "Bhubaneswar",
    "Bhubaneswar",
    "Bhuj",
    "Bijnor",
    "Bikaner",
    "Bilaspur",
    "Bilaspur",
    "Bilaspur",
    "Biswanath charali",
    "Bongaigaon",
    "Botad",
    "Brahmapur",
    "Bulandshahr",
    "Chaksu",
    "Chamba",
    "Chandigarh",
    "Chandrapur",
    "Charkhi dadri",
    "Chavakkad",
    "Chennai",
    "Chhindwara",
    "Chikhli",
    "Chirawa",
    "Chirkunda",
    "Chittoor",
    "Chittorgarh",
    "Coimbatore",
    "Cooch behar",
    "Cuddalore",
    "Cuttack",
    "Dabhoi",
    "Dahod",
    "Damoh",
    "Darbhanga",
    "Datia",
    "Davanagere",
    "Dehradun",
    "Delhi",
    "Deoghar",
    "Deoria",
    "Dhamtari",
    "Dhanbad"
  ],
  "locality_fully_completed": [],
  "cities_completed": {},
  "cities_fully_completed": [],
  "localities_completed": {},
  "inputs_completed": [],
  "links_completed": [],
  "current_page": 1,
  "last_refresh_time": 0
}