{
  "current_strategy": null,
  "current_state": null,
  "current_city": "Adimali",
  "current_locality": null,
  "current_pincode": null,
  "current_sub_brand": null,
  "states_completed": [],
  "states_fully_completed": [
    "Andaman And Nicobar Islands",
    "Andhra Pradesh",
    "Arunachal Pradesh",
    "Assam",
    "Bihar",
    "Chandigarh",
    "Chhattisgarh",
    "Dadra and Nagar Haveli and Daman and Diu",
    "Delhi",
    "Goa",
    "Gujarat",
    "Haryana",
    "Himachal Pradesh",
    "Jammu And Kashmir",
    "Jharkhand",
    "Karnataka"
  ],
  "locality_fully_completed": [],
  "cities_completed": {
    "Andaman And Nicobar Islands": [
      "Port Blair"
    ],
    "Andhra Pradesh": [
      "Adoni",
      "Amalapuram",
      "Anantapur",
      "Avanigadda",
      "Bapatla",
      "Bhimavaram",
      "Chirala",
      "Chittoor",
      "East Godavari",
      "Eluru",
      "Gannavaram",
      "Gooty",
      "Gudivada",
      "Gudur",
      "Guntur",
      "Jaggampeta",
      "Jangareddygudem",
      "Kadapa",
      "Kakinada",
      "Kalyandurg",
      "Kandukur",
      "Krishna",
      "Kurnool",
      "Machilipatnam",
      "Mandapeta",
      "Nandigama",
      "Nandyal",
      "Narasaraopet",
      "Nellore",
      "Nidadavole",
      "Ongole",
      "Palakol",
      "Palasa",
      "Prakasam",
      "Pulivendula",
      "Rajahmundry",
      "Ravulapalem",
      "Srikakulam",
      "Tadipatri",
      "Tanuku",
      "Tenali",
      "Tirupathi",
      "Tirupati",
      "Tuni",
      "Vijayawada",
      "Visakhapatnam",
      "Vizianagaram",
      "Vuyyuru",
      "West Godavari"
    ],
    "Arunachal Pradesh": [
      "Naharlagun",
      "Pasighat"
    ],
    "Assam": [
      "Amingaon",
      "Baihata Chariali",
      "Barpeta",
      "Biswanath Chariali",
      "Bokajan",
      "Bongaigaon",
      "Chhaygaon",
      "Chhaygoan",
      "Darrang",
      "Dergaon",
      "Dhemaji",
      "Dhubri",
      "Dibrugarh",
      "Diphu",
      "Doomdooma",
      "Duliajan",
      "Goalpara",
      "Gogamukh",
      "Gohpur",
      "Golaghat",
      "Goreswar",
      "Guwahati",
      "Hailakandi",
      "Hojai",
      "Jagiroad",
      "Jorhat",
      "Kamrup",
      "Karimganj",
      "Kharupetia",
      "Kokrajhar",
      "Lakhimpur",
      "Lanka",
      "Majuli",
      "Morigaon",
      "Nagaon",
      "Nalbari",
      "Sadiya",
      "Sapekhati",
      "Silchar",
      "Sivasagar",
      "Sonari",
      "Sonitpur",
      "Tamulpur",
      "Tangla",
      "Tezpur",
      "Tinsukia",
      "Udalguri"
    ],
    "Bihar": [
      "Ara",
      "Araria",
      "Areraj",
      "Arrah",
      "Arwal",
      "Aurangabad",
      "Bagha",
      "Bahadurganj",
      "Baisi",
      "Bakhri",
      "Balia",
      "Banka",
      "Banmakhi",
      "Begusarai",
      "Benipur",
      "Bettiah",
      "Bhagalpur",
      "Bhawanipur",
      "Bihar Sharif",
      "Bihariganj",
      "Bihiya",
      "Bihta",
      "Bikramganj",
      "Birual",
      "Buxar",
      "Chakia",
      "Chhapra",
      "Dalsinghsarai",
      "Darbhanga",
      "Daudnagar",
      "Dumro",
      "East Champaran",
      "Forbesganj",
      "Gaya",
      "Gerabari",
      "Ghorashan",
      "Gogri",
      "Gopalganj",
      "Hajipur",
      "Haripur",
      "Islampur",
      "Jainagar",
      "Jamui",
      "Jandaha",
      "Jehanabad",
      "Jhajha",
      "Jhanjharpur",
      "Jokihat",
      "Katihar",
      "Kesaria",
      "Khagaria",
      "Kishanganj",
      "Kusheswar Asthan",
      "Lakhisarai",
      "Lalgunj",
      "Madhepura",
      "Madhubani",
      "Mahnar",
      "Mahua",
      "Masrakh",
      "Minapur",
      "Mirgunj",
      "Mohania",
      "Motihari",
      "Motipur",
      "Munger",
      "Murliganj",
      "Muzaffarpur",
      "Narkatiyaganj",
      "Nawada",
      "Paliganj",
      "Patna",
      "Pupri",
      "Purnia",
      "Rajgir",
      "Ramdayalu",
      "Raniganj",
      "Raxaul",
      "Rosera",
      "Saharsa",
      "Sakari",
      "Samastipur",
      "Saraiya",
      "Sasaram",
      "Sheikhpura",
      "Sheohar",
      "Sherghati",
      "Simrahi",
      "Sitamarhi",
      "Siwan",
      "Sonali",
      "Sonpur",
      "Suguali",
      "Sujawalpur",
      "Supaul",
      "Thegra",
      "Tribeniganj"
    ],
    "Chandigarh": [
      "Chandigarh"
    ],
    "Chhattisgarh": [
      "Ambikapur",
      "Baikunthpur",
      "Baloda Bazar",
      "Bhilai",
      "Bilaspur",
      "Champa",
      "Dhamtari",
      "Durg",
      "Jagdalpur",
      "Kanker",
      "Kawardha",
      "Kondagaon",
      "Korba",
      "Lailunga",
      "Mahasamund",
      "Manendragarh",
      "Mungeli",
      "Pendra",
      "Raigarh",
      "Raipur",
      "Rajim",
      "Rajnandgaon",
      "Surajpur"
    ],
    "Dadra and Nagar Haveli and Daman and Diu": [
      "Silvassa"
    ],
    "Delhi": [
      "Daryaganj",
      "Delhi",
      "New Delhi"
    ],
    "Goa": [
      "Margao",
      "North Goa",
      "Panaji",
      "Ponda",
      "Vasco Da Gama"
    ],
    "Gujarat": [
      "Ahmedabad",
      "Amreli",
      "Anand",
      "Ankleshwar",
      "Bardoli",
      "Bharuch",
      "Bhavnagar",
      "Bhuj",
      "Bodeli",
      "Botad",
      "Chikhhli",
      "Dahod",
      "Dwarka",
      "Gandhidham",
      "Gandhinagar",
      "Godhra",
      "Gondal",
      "Himmatnagar",
      "Jamnagar",
      "Jasdan",
      "Junagadh",
      "Kachchh",
      "Kadodara",
      "Kalol",
      "Kamrej",
      "Keshod",
      "Kheda",
      "Mahuva",
      "Mehsana",
      "Modasa",
      "Morbi",
      "Nadiad",
      "Navsari",
      "Palanpur",
      "Panch Mahals",
      "Patan",
      "Porbandar",
      "Rajkot",
      "Rajpipla",
      "Rajula",
      "Surat",
      "Surendranagar",
      "Una",
      "Vadodara",
      "Valsad",
      "Vansda",
      "Vapi",
      "Veraval",
      "Vyara"
    ],
    "Haryana": [
      "Ambala",
      "Ambala Cantt",
      "Ambala City",
      "Assandh",
      "Bahadurgarh",
      "Bhiwani",
      "Charkhi Dadri",
      "Cheeka",
      "Faridabad",
      "Fatehabad",
      "Gohana",
      "Gurugram",
      "Hansi",
      "Hisar",
      "Hodal",
      "Jhajjar",
      "Jind",
      "Kaithal",
      "Kalanwali",
      "Karnal",
      "Kurukshetra",
      "Mandi Dabwali",
      "Narnaul",
      "Narwana",
      "Neharpar",
      "Nuh",
      "Palwal",
      "Panchkula",
      "Panipat",
      "Pataudi",
      "Radaur",
      "Ratia",
      "Rewari",
      "Rohtak",
      "Sirsa",
      "Sonipat",
      "Tauru",
      "Tohana",
      "Tosham",
      "Yamuna Nagar"
    ],
    "Himachal Pradesh": [
      "Baddi",
      "Chamba",
      "Hamirpur",
      "Joginder Nagar",
      "Kangra",
      "Khangsar",
      "Kullu",
      "Mandi",
      "Palampur",
      "Paonta Sahib",
      "Rajgarh",
      "Rampur",
      "Rohru",
      "Shimla",
      "Sirmaur",
      "Solan"
    ],
    "Jammu And Kashmir": [
      "Anantnag",
      "Baramulla",
      "Jammu",
      "Kathua",
      "Poonch",
      "Pulwama",
      "Rajauri",
      "Samba",
      "Srinagar",
      "Udhampur"
    ],
    "Jharkhand": [
      "Bagodar",
      "Barharwa",
      "Barhi",
      "Bishnugarh",
      "Bokaro",
      "Bundu",
      "Chaibasa",
      "Chakradharpur",
      "Chatra",
      "Chhatarpur",
      "Chouparan",
      "Daltonganj",
      "Deoghar",
      "Dhanbad",
      "Domchach",
      "Dumka",
      "Gamharia",
      "Garhwa",
      "Giridih",
      "Godda",
      "Gola",
      "Gumia",
      "Gumla",
      "Hansdiha",
      "Hazaribagh",
      "Jamshedpur",
      "Jamtara",
      "Katras",
      "Khunti",
      "Koderma",
      "Kuru",
      "Latehar",
      "Loherdaga",
      "Madhupur",
      "Mahagama",
      "Nagar Untari",
      "Nagri",
      "Ormanjhi",
      "Pakur",
      "Palajori",
      "Rajdhanwar",
      "Ramgarh",
      "Ranchi",
      "Sahibganj",
      "Seraikela-kharsawan",
      "Simdega",
      "Tatisilwai"
    ],
    "Karnataka": [
      "Bagalkot",
      "Bangalore Rural",
      "Basavakalyan",
      "Belgaum",
      "Bellary",
      "Bengaluru",
      "Bhatkal",
      "Bidadi",
      "Bidar",
      "Bijapur",
      "Chamarajanagar",
      "Chamrajnagar",
      "Channagiri",
      "Chickmagalur",
      "Chikodi",
      "Chintamani",
      "Chitradurga",
      "Dakshina Kannada",
      "Davanagere",
      "Davangere",
      "Dharward",
      "Gadag",
      "Gajendragad",
      "Gangavathi",
      "Gauribidanur",
      "Gokak",
      "Gulbarga",
      "Gundlupet",
      "Haranahali",
      "Harihar",
      "Hassan",
      "Haveri",
      "Hiriyur",
      "Holinarsipura",
      "Honavar",
      "Hosdurga",
      "Hospete",
      "Hubli",
      "Jamakhandi",
      "KGF",
      "Kadur",
      "Kalaburagi",
      "Karkala",
      "Karwar",
      "Kolar",
      "Kumta",
      "Kundapura",
      "Kushalnagar",
      "Mandya",
      "Mangaluru",
      "Mudhol",
      "Mulbagal",
      "Mysore",
      "Puttur",
      "Raichur",
      "Ranebennur",
      "Sagara",
      "Shapur",
      "Shikaripura",
      "Shimoga",
      "Sindhanur",
      "Tarikere",
      "Thiriathali",
      "Tumkur",
      "Udupi",
      "Venkatapura",
      "Yadgir",
      "kanakapura"
    ],
    "Kerala": [
      "Adimali"
    ]
  },
  "cities_fully_completed": [
    "Port Blair",
    "Adoni",
    "Amalapuram",
    "Anantapur",
    "Avanigadda",
    "Bapatla",
    "Bhimavaram",
    "Chirala",
    "Chittoor",
    "East Godavari",
    "Eluru",
    "Gannavaram",
    "Gooty",
    "Gudivada",
    "Gudur",
    "Guntur",
    "Jaggampeta",
    "Jangareddygudem",
    "Kadapa",
    "Kakinada",
    "Kalyandurg",
    "Kandukur",
    "Krishna",
    "Kurnool",
    "Machilipatnam",
    "Mandapeta",
    "Nandigama",
    "Nandyal",
    "Narasaraopet",
    "Nellore",
    "Nidadavole",
    "Ongole",
    "Palakol",
    "Palasa",
    "Prakasam",
    "Pulivendula",
    "Rajahmundry",
    "Ravulapalem",
    "Srikakulam",
    "Tadipatri",
    "Tanuku",
    "Tenali",
    "Tirupathi",
    "Tirupati",
    "Tuni",
    "Vijayawada",
    "Visakhapatnam",
    "Vizianagaram",
    "Vuyyuru",
    "West Godavari",
    "Naharlagun",
    "Pasighat",
    "Amingaon",
    "Baihata Chariali",
    "Barpeta",
    "Biswanath Chariali",
    "Bokajan",
    "Bongaigaon",
    "Chhaygaon",
    "Chhaygoan",
    "Darrang",
    "Dergaon",
    "Dhemaji",
    "Dhubri",
    "Dibrugarh",
    "Diphu",
    "Doomdooma",
    "Duliajan",
    "Goalpara",
    "Gogamukh",
    "Gohpur",
    "Golaghat",
    "Goreswar",
    "Guwahati",
    "Hailakandi",
    "Hojai",
    "Jagiroad",
    "Jorhat",
    "Kamrup",
    "Karimganj",
    "Kharupetia",
    "Kokrajhar",
    "Lakhimpur",
    "Lanka",
    "Majuli",
    "Morigaon",
    "Nagaon",
    "Nalbari",
    "Sadiya",
    "Sapekhati",
    "Silchar",
    "Sivasagar",
    "Sonari",
    "Sonitpur",
    "Tamulpur",
    "Tangla",
    "Tezpur",
    "Tinsukia",
    "Udalguri",
    "Ara",
    "Araria",
    "Areraj",
    "Arrah",
    "Arwal",
    "Aurangabad",
    "Bagha",
    "Bahadurganj",
    "Baisi",
    "Bakhri",
    "Balia",
    "Banka",
    "Banmakhi",
    "Begusarai",
    "Benipur",
    "Bettiah",
    "Bhagalpur",
    "Bhawanipur",
    "Bihar Sharif",
    "Bihariganj",
    "Bihiya",
    "Bihta",
    "Bikramganj",
    "Birual",
    "Buxar",
    "Chakia",
    "Chhapra",
    "Dalsinghsarai",
    "Darbhanga",
    "Daudnagar",
    "Dumro",
    "East Champaran",
    "Forbesganj",
    "Gaya",
    "Gerabari",
    "Ghorashan",
    "Gogri",
    "Gopalganj",
    "Hajipur",
    "Haripur",
    "Islampur",
    "Jainagar",
    "Jamui",
    "Jandaha",
    "Jehanabad",
    "Jhajha",
    "Jhanjharpur",
    "Jokihat",
    "Katihar",
    "Kesaria",
    "Khagaria",
    "Kishanganj",
    "Kusheswar Asthan",
    "Lakhisarai",
    "Lalgunj",
    "Madhepura",
    "Madhubani",
    "Mahnar",
    "Mahua",
    "Masrakh",
    "Minapur",
    "Mirgunj",
    "Mohania",
    "Motihari",
    "Motipur",
    "Munger",
    "Murliganj",
    "Muzaffarpur",
    "Narkatiyaganj",
    "Nawada",
    "Paliganj",
    "Patna",
    "Pupri",
    "Purnia",
    "Rajgir",
    "Ramdayalu",
    "Raniganj",
    "Raxaul",
    "Rosera",
    "Saharsa",
    "Sakari",
    "Samastipur",
    "Saraiya",
    "Sasaram",
    "Sheikhpura",
    "Sheohar",
    "Sherghati",
    "Simrahi",
    "Sitamarhi",
    "Siwan",
    "Sonali",
    "Sonpur",
    "Suguali",
    "Sujawalpur",
    "Supaul",
    "Thegra",
    "Tribeniganj",
    "Chandigarh",
    "Ambikapur",
    "Baikunthpur",
    "Baloda Bazar",
    "Bhilai",
    "Bilaspur",
    "Champa",
    "Dhamtari",
    "Durg",
    "Jagdalpur",
    "Kanker",
    "Kawardha",
    "Kondagaon",
    "Korba",
    "Lailunga",
    "Mahasamund",
    "Manendragarh",
    "Mungeli",
    "Pendra",
    "Raigarh",
    "Raipur",
    "Rajim",
    "Rajnandgaon",
    "Surajpur",
    "Silvassa",
    "Daryaganj",
    "Delhi",
    "New Delhi",
    "Margao",
    "North Goa",
    "Panaji",
    "Ponda",
    "Ahmedabad",
    "Amreli",
    "Anand",
    "Ankleshwar",
    "Bardoli",
    "Bharuch",
    "Bhavnagar",
    "Bhuj",
    "Bodeli",
    "Botad",
    "Chikhhli",
    "Dahod",
    "Dwarka",
    "Gandhidham",
    "Gandhinagar",
    "Godhra",
    "Gondal",
    "Himmatnagar",
    "Jamnagar",
    "Jasdan",
    "Junagadh",
    "Kachchh",
    "Kadodara",
    "Kalol",
    "Kamrej",
    "Keshod",
    "Kheda",
    "Mahuva",
    "Mehsana",
    "Modasa",
    "Morbi",
    "Nadiad",
    "Navsari",
    "Palanpur",
    "Panch Mahals",
    "Patan",
    "Porbandar",
    "Rajkot",
    "Rajpipla",
    "Rajula",
    "Surat",
    "Surendranagar",
    "Una",
    "Vadodara",
    "Valsad",
    "Vansda",
    "Vapi",
    "Veraval",
    "Vyara",
    "Ambala",
    "Ambala Cantt",
    "Ambala City",
    "Assandh",
    "Bahadurgarh",
    "Bhiwani",
    "Charkhi Dadri",
    "Cheeka",
    "Faridabad",
    "Fatehabad",
    "Gohana",
    "Gurugram",
    "Hansi",
    "Hisar",
    "Hodal",
    "Jhajjar",
    "Jind",
    "Kaithal",
    "Kalanwali",
    "Karnal",
    "Kurukshetra",
    "Mandi Dabwali",
    "Narnaul",
    "Narwana",
    "Neharpar",
    "Nuh",
    "Palwal",
    "Panchkula",
    "Panipat",
    "Pataudi",
    "Radaur",
    "Ratia",
    "Rewari",
    "Rohtak",
    "Sirsa",
    "Sonipat",
    "Tauru",
    "Tohana",
    "Tosham",
    "Yamuna Nagar",
    "Baddi",
    "Chamba",
    "Hamirpur",
    "Joginder Nagar",
    "Kangra",
    "Khangsar",
    "Kullu",
    "Mandi",
    "Palampur",
    "Paonta Sahib",
    "Rajgarh",
    "Rampur",
    "Rohru",
    "Shimla",
    "Sirmaur",
    "Solan",
    "Anantnag",
    "Baramulla",
    "Jammu",
    "Kathua",
    "Poonch",
    "Pulwama",
    "Rajauri",
    "Samba",
    "Srinagar",
    "Udhampur",
    "Bagodar",
    "Barharwa",
    "Barhi",
    "Bishnugarh",
    "Bokaro",
    "Bundu",
    "Chaibasa",
    "Chakradharpur",
    "Chatra",
    "Chhatarpur",
    "Chouparan",
    "Daltonganj",
    "Deoghar",
    "Dhanbad",
    "Domchach",
    "Dumka",
    "Gamharia",
    "Garhwa",
    "Giridih",
    "Godda",
    "Gola",
    "Gumia",
    "Gumla",
    "Hansdiha",
    "Hazaribagh",
    "Jamshedpur",
    "Jamtara",
    "Katras",
    "Khunti",
    "Koderma",
    "Kuru",
    "Latehar",
    "Loherdaga",
    "Madhupur",
    "Mahagama",
    "Nagar Untari",
    "Nagri",
    "Ormanjhi",
    "Pakur",
    "Palajori",
    "Rajdhanwar",
    "Ramgarh",
    "Ranchi",
    "Sahibganj",
    "Seraikela-kharsawan",
    "Simdega",
    "Tatisilwai",
    "Bagalkot",
    "Bangalore Rural",
    "Basavakalyan",
    "Belgaum",
    "Bellary",
    "Bengaluru",
    "Bhatkal",
    "Bidadi",
    "Bidar",
    "Bijapur",
    "Chamarajanagar",
    "Chamrajnagar",
    "Channagiri",
    "Chickmagalur",
    "Chikodi",
    "Chintamani",
    "Chitradurga",
    "Dakshina Kannada",
    "Davanagere",
    "Davangere",
    "Dharward",
    "Gadag",
    "Gajendragad",
    "Gangavathi",
    "Gauribidanur",
    "Gokak",
    "Gulbarga",
    "Gundlupet",
    "Haranahali",
    "Harihar",
    "Hassan",
    "Haveri",
    "Hiriyur",
    "Holinarsipura",
    "Honavar",
    "Hosdurga",
    "Hospete",
    "Hubli",
    "Jamakhandi",
    "KGF",
    "Kadur",
    "Kalaburagi",
    "Karkala",
    "Karwar",
    "Kolar",
    "Kumta",
    "Kundapura",
    "Kushalnagar",
    "Mandya",
    "Mangaluru",
    "Mudhol",
    "Mulbagal",
    "Mysore",
    "Puttur",
    "Raichur",
    "Ranebennur",
    "Sagara",
    "Shapur",
    "Shikaripura",
    "Shimoga",
    "Sindhanur",
    "Tarikere",
    "Thiriathali",
    "Tumkur",
    "Udupi",
    "Venkatapura",
    "Yadgir",
    "kanakapura"
  ],
  "localities_completed": {},
  "inputs_completed": [],
  "links_completed": [],
  "current_page": 1,
  "last_refresh_time": 0
}