Country,City,Area,Area_Clean,Count,Relevant_Week,Relevant_Date,Runtime
India,Dhar,Dhar,Dhar,58,Week 09-2023,2023-03-02,2023-03-02 08:50:53
India,Damoh,Damoh,Damoh,70,Week 09-2023,2023-03-02,2023-03-02 08:50:53
India,Chhatarpur,Chhatarpur,Chhatarpur,84,Week 09-2023,2023-03-02,2023-03-02 08:50:53
India,Gudivada,Gudivada,Gudivada,44,Week 09-2023,2023-03-02,2023-03-02 08:50:53
India,Chirala,Chirala,Chirala,35,Week 09-2023,2023-03-02,2023-03-02 08:50:53
India,Burhanpur,Burhanpur,Burhanpur,57,Week 09-2023,2023-03-02,2023-03-02 08:50:53
India,Bina,Bina,Bina,38,Week 09-2023,2023-03-02,2023-03-02 08:50:53
India,Sultanpur,Sultanpur,Sultanpur,61,Week 09-2023,2023-03-02,2023-03-02 08:50:53
India,Sitapur,Sitapur,Sitapur,99,Week 09-2023,2023-03-02,2023-03-02 08:50:53
India,Balaghat,Balaghat,Balaghat,60,Week 09-2023,2023-03-02,2023-03-02 08:50:53
India,Thodupuzha,Thodupuzha,Thodupuzha,60,Week 09-2023,2023-03-02,2023-03-02 08:50:53
India,Pathanamthitta,Pathanamthitta,Pathanamthitta,78,Week 09-2023,2023-03-02,2023-03-02 08:50:53
India,Bobbili,Bobbili,Bobbili,11,Week 09-2023,2023-03-02,2023-03-02 08:50:53
India,Adoni,Adoni,Adoni,67,Week 09-2023,2023-03-02,2023-03-02 08:50:53
India,Tanuku,Tanuku,Tanuku,98,Week 09-2023,2023-03-02,2023-03-02 08:50:53
India,Kasaragod,Kasaragod,Kasaragod,29,Week 09-2023,2023-03-02,2023-03-02 08:50:53
India,Beawar,Beawar,Beawar,82,Week 09-2023,2023-03-02,2023-03-02 08:50:53
India,Chapra,Chhapra,Chhapra,58,Week 09-2023,2023-03-02,2023-03-02 08:50:53
India,Behror,Behror,Behror,70,Week 09-2023,2023-03-02,2023-03-02 08:50:53
India,Begusarai,Begusarai,Begusarai,95,Week 09-2023,2023-03-02,2023-03-02 08:50:53
India,Bundi,Bundi,Bundi,79,Week 09-2023,2023-03-02,2023-03-02 08:50:53
India,Nathdwara,Nathdwara,Nathdwara,22,Week 09-2023,2023-03-02,2023-03-02 08:50:53
India,Raniganj,Raniganj,Raniganj,38,Week 09-2023,2023-03-02,2023-03-02 08:50:53
India,Amreli,Amreli,Amreli,17,Week 09-2023,2023-03-02,2023-03-02 08:50:53
India,Ramgarh,Ramgarh,Ramgarh,74,Week 09-2023,2023-03-02,2023-03-02 08:50:53
India,Jagdalpur,Jagdalpur,Jagdalpur,106,Week 09-2023,2023-03-02,2023-03-02 08:50:53
India,Hazaribagh,Hazaribagh,Hazaribagh,131,Week 09-2023,2023-03-02,2023-03-02 08:50:53
India,Muvattupuzha,Muvattupuzha,Muvattupuzha,83,Week 09-2023,2023-03-02,2023-03-02 08:50:53
India,Modinagar,Modinagar,Modinagar,194,Week 09-2023,2023-03-02,2023-03-02 08:50:53
India,Modinagar,Muradnagar,Muradnagar,79,Week 09-2023,2023-03-02,2023-03-02 08:50:53
India,Bahadurgarh,Bahadurgarh,Bahadurgarh,238,Week 09-2023,2023-03-02,2023-03-02 08:50:53
India,Ambikapur,Ambikapur,Ambikapur,87,Week 09-2023,2023-03-02,2023-03-02 08:50:53
India,Faizabad-Ayodhya ,Faizabad-Ayodhya,Faizabad-Ayodhya,201,Week 09-2023,2023-03-02,2023-03-02 08:50:53
India,Chitradurga,Chitradurga,Chitradurga,87,Week 09-2023,2023-03-02,2023-03-02 08:50:53
India,Bidar,Bidar,Bidar,94,Week 09-2023,2023-03-02,2023-03-02 08:50:53
India,Hosur,Hosur,Hosur,237,Week 09-2023,2023-03-02,2023-03-02 08:50:53
India,Sangamner,Sangamner,Sangamner,139,Week 09-2023,2023-03-02,2023-03-02 08:50:53
India,Sohna,Sohna,Sohna,33,Week 09-2023,2023-03-02,2023-03-02 08:50:53
India,Narnaul,Narnaul,Narnaul,80,Week 09-2023,2023-03-02,2023-03-02 08:50:53
India,Jhajjar,Jhajjar,Jhajjar,52,Week 09-2023,2023-03-02,2023-03-02 08:50:53
India,Ichalkaranji,Ichalkaranji,Ichalkaranji,213,Week 09-2023,2023-03-02,2023-03-02 08:50:53
India,Charkhi Dadri,Charkhi Dadri,Charkhi Dadri,54,Week 09-2023,2023-03-02,2023-03-02 08:50:53
India,Jalna,Jalna,Jalna,197,Week 09-2023,2023-03-02,2023-03-02 08:50:53
India,Kundapura-Koteshwar,Kundapura-Koteshwar,Kundapura-Koteshwar,36,Week 09-2023,2023-03-02,2023-03-02 08:50:53
India,Farrukhabad,Farrukhabad,Farrukhabad,90,Week 09-2023,2023-03-02,2023-03-02 08:50:53
India,Farrukhabad,Fatehgarh,Fatehgarh,24,Week 09-2023,2023-03-02,2023-03-02 08:50:53
India,Moodbidri,Moodbidri,Moodbidri,19,Week 09-2023,2023-03-02,2023-03-02 08:50:53
India,Karwar,Karwar,Karwar,63,Week 09-2023,2023-03-02,2023-03-02 08:50:53
India,Baddi,Baddi,Baddi,88,Week 09-2023,2023-03-02,2023-03-02 08:50:53
India,Baddi,Shivalik Nagar,Shivalik Nagar,16,Week 09-2023,2023-03-02,2023-03-02 08:50:53
India,Baddi,Nalagarh,Nalagarh,15,Week 09-2023,2023-03-02,2023-03-02 08:50:53
India,Ambur,Ambur,Ambur,48,Week 09-2023,2023-03-02,2023-03-02 08:50:53
India,Rudrapur,Rudrapur,Rudrapur,200,Week 09-2023,2023-03-02,2023-03-02 08:50:53
India,Porbandar,Porbandar,Porbandar,108,Week 09-2023,2023-03-02,2023-03-02 08:50:53
India,Jhunjhunu,Jhunjhunu,Jhunjhunu,109,Week 09-2023,2023-03-02,2023-03-02 08:50:53
India,Churu,Churu,Churu,25,Week 09-2023,2023-03-02,2023-03-02 08:50:53
India,Sikar,Sikar,Sikar,316,Week 09-2023,2023-03-02,2023-03-02 08:50:53
India,Hoshangabad,Hoshangabad,Hoshangabad,80,Week 09-2023,2023-03-02,2023-03-02 08:50:53
India,Hampi-Hospet,Hampi-Hospet,Hampi-Hospet,89,Week 09-2023,2023-03-02,2023-03-02 08:50:53
India,Faridkot,Faridkot,Faridkot,44,Week 09-2023,2023-03-02,2023-03-02 08:50:53
India,Khanna,Khanna,Khanna,144,Week 09-2023,2023-03-02,2023-03-02 08:50:53
India,Khanna,Mandi Gobindgarh,Mandi Gobindgarh,43,Week 09-2023,2023-03-02,2023-03-02 08:50:53
India,Abohar,Abohar,Abohar,149,Week 09-2023,2023-03-02,2023-03-02 08:50:53
India,Kaithal,Kaithal,Kaithal,158,Week 09-2023,2023-03-02,2023-03-02 08:50:53
India,Purnea,Purnea,Purnea,242,Week 09-2023,2023-03-02,2023-03-02 08:50:53
India,Deoghar,Deoghar,Deoghar,158,Week 09-2023,2023-03-02,2023-03-02 08:50:53
India,Palwal,Palwal,Palwal,123,Week 09-2023,2023-03-02,2023-03-02 08:50:53
India,Chikmagalur,Chikmagalur,Chikmagalur,93,Week 09-2023,2023-03-02,2023-03-02 08:50:53
India,Kottayam,Kottayam,Kottayam,301,Week 09-2023,2023-03-02,2023-03-02 08:50:53
India,Kottayam,Pala,Pala,25,Week 09-2023,2023-03-02,2023-03-02 08:50:53
India,Firozabad,Firozabad,Firozabad,123,Week 09-2023,2023-03-02,2023-03-02 08:50:53
India,Shahjahanpur,Shahjahanpur,Shahjahanpur,191,Week 09-2023,2023-03-02,2023-03-02 08:50:53
India,Nadiad,Nadiad,Nadiad,173,Week 09-2023,2023-03-02,2023-03-02 08:50:53
India,Unnao,Unnao,Unnao,160,Week 09-2023,2023-03-02,2023-03-02 08:50:53
India,Hassan,Hassan,Hassan,133,Week 09-2023,2023-03-02,2023-03-02 08:50:53
India,Bhatkal,Bhatkal,Bhatkal,24,Week 09-2023,2023-03-02,2023-03-02 08:50:53
India,Narasaraopet,Narasaraopet,Narasaraopet,76,Week 09-2023,2023-03-02,2023-03-02 08:50:53
India,Shivpuri,Shivpuri,Shivpuri,64,Week 09-2023,2023-03-02,2023-03-02 08:50:53
India,Mehsana,Mehsana,Mehsana,222,Week 09-2023,2023-03-02,2023-03-02 08:50:53
India,Mehsana,Visanagar,Visanagar,52,Week 09-2023,2023-03-02,2023-03-02 08:50:53
India,Bulandshahr,Bulandshahr,Bulandshahr,111,Week 09-2023,2023-03-02,2023-03-02 08:50:53
India,Yavatmal,Yavatmal,Yavatmal,125,Week 09-2023,2023-03-02,2023-03-02 08:50:53
India,Tumkur,Tumkur,Tumkur,188,Week 09-2023,2023-03-02,2023-03-02 08:50:53
India,Tezpur,Tezpur,Tezpur,118,Week 09-2023,2023-03-02,2023-03-02 08:50:53
India,Suryapet,Suryapet,Suryapet,56,Week 09-2023,2023-03-02,2023-03-02 08:50:53
India,Silchar,Silchar,Silchar,76,Week 09-2023,2023-03-02,2023-03-02 08:50:53
India,Sambalpur,Sambalpur,Sambalpur,219,Week 09-2023,2023-03-02,2023-03-02 08:50:53
India,Sambalpur,Bargarh,Bargarh,30,Week 09-2023,2023-03-02,2023-03-02 08:50:53
India,Rewari,Rewari,Rewari,262,Week 09-2023,2023-03-02,2023-03-02 08:50:53
India,Rampur,Rampur,Rampur,122,Week 09-2023,2023-03-02,2023-03-02 08:50:53
India,Rajnandgaon,Rajnandgaon,Rajnandgaon,112,Week 09-2023,2023-03-02,2023-03-02 08:50:53
India,Raichur,Raichur,Raichur,99,Week 09-2023,2023-03-02,2023-03-02 08:50:53
India,Pudukkottai,Pudukkottai,Pudukkottai,86,Week 09-2023,2023-03-02,2023-03-02 08:50:53
India,Pithampur,Pithampur,Pithampur,29,Week 09-2023,2023-03-02,2023-03-02 08:50:53
India,Parbhani,Parbhani,Parbhani,125,Week 09-2023,2023-03-02,2023-03-02 08:50:53
India,Pali,Pali,Pali,139,Week 09-2023,2023-03-02,2023-03-02 08:50:53
India,Neemuch,Neemuch,Neemuch,106,Week 09-2023,2023-03-02,2023-03-02 08:50:53
India,Nandyal,Nandyal,Nandyal,136,Week 09-2023,2023-03-02,2023-03-02 08:50:53
India,Muzaffarpur,Muzaffarpur,Muzaffarpur,306,Week 09-2023,2023-03-02,2023-03-02 08:50:53
India,Morena,Morena,Morena,42,Week 09-2023,2023-03-02,2023-03-02 08:50:53
India,Moga,Moga,Moga,126,Week 09-2023,2023-03-02,2023-03-02 08:50:53
India,Mandsaur,Mandsaur,Mandsaur,116,Week 09-2023,2023-03-02,2023-03-02 08:50:53
India,Machilipatnam,Machilipatnam,Machilipatnam,73,Week 09-2023,2023-03-02,2023-03-02 08:50:53
India,Kolar,Kolar,Kolar,57,Week 09-2023,2023-03-02,2023-03-02 08:50:53
India,Dibrugarh,Dibrugarh,Dibrugarh,87,Week 09-2023,2023-03-02,2023-03-02 08:50:53
India,Dharmavaram,Dharmavaram,Dharmavaram,36,Week 09-2023,2023-03-02,2023-03-02 08:50:53
India,Darbhanga,Darbhanga,Darbhanga,189,Week 09-2023,2023-03-02,2023-03-02 08:50:53
India,Cuddalore,Cuddalore,Cuddalore,75,Week 09-2023,2023-03-02,2023-03-02 08:50:53
India,Chandrapur,Chandrapur,Chandrapur,241,Week 09-2023,2023-03-02,2023-03-02 08:50:53
India,Bijnor,Bijnor,Bijnor,87,Week 09-2023,2023-03-02,2023-03-02 08:50:53
India,Bhiwani,Bhiwani,Bhiwani,121,Week 09-2023,2023-03-02,2023-03-02 08:50:53
India,Berhampur,Berhampur,Berhampur,209,Week 09-2023,2023-03-02,2023-03-02 08:50:53
India,Barabanki,Barabanki,Barabanki,139,Week 09-2023,2023-03-02,2023-03-02 08:50:53
India,Balasore,Balasore,Balasore,191,Week 09-2023,2023-03-02,2023-03-02 08:50:53
India,Baramati,Baramati,Baramati,196,Week 09-2023,2023-03-02,2023-03-02 08:50:53
India,Wardha,Wardha,Wardha,172,Week 09-2023,2023-03-02,2023-03-02 08:50:53
India,Pathankot,Pathankot,Pathankot,248,Week 09-2023,2023-03-02,2023-03-02 08:50:53
India,Nizamabad,Nizamabad,Nizamabad,257,Week 09-2023,2023-03-02,2023-03-02 08:50:53
India,Nizamabad,Armoor,Armoor,23,Week 09-2023,2023-03-02,2023-03-02 08:50:53
India,Khammam,Khammam,Khammam,259,Week 09-2023,2023-03-02,2023-03-02 08:50:53
India,Kapurthala,Kapurthala,Kapurthala,131,Week 09-2023,2023-03-02,2023-03-02 08:50:53
India,Raigarh,Raigarh,Raigarh,99,Week 09-2023,2023-03-02,2023-03-02 08:50:53
India,Sirsa,Sirsa,Sirsa,245,Week 09-2023,2023-03-02,2023-03-02 08:50:53
India,Bijapur,Bijapur,Bijapur,176,Week 09-2023,2023-03-02,2023-03-02 08:50:53
India,Gurdaspur,Gurdaspur,Gurdaspur,117,Week 09-2023,2023-03-02,2023-03-02 08:50:53
India,Barnala,Barnala,Barnala,101,Week 09-2023,2023-03-02,2023-03-02 08:50:53
India,Rajpura,Rajpura,Rajpura,117,Week 09-2023,2023-03-02,2023-03-02 08:50:53
India,Rajpura,Banur,Banur,25,Week 09-2023,2023-03-02,2023-03-02 08:50:53
India,Rewa,Rewa,Rewa,184,Week 09-2023,2023-03-02,2023-03-02 08:50:53
India,Bhuj,Bhuj,Bhuj,178,Week 09-2023,2023-03-02,2023-03-02 08:50:53
India,Jorhat,Jorhat,Jorhat,189,Week 09-2023,2023-03-02,2023-03-02 08:50:53
India,Chittoor,Chittoor,Chittoor,99,Week 09-2023,2023-03-02,2023-03-02 08:50:53
India,Kollam,Kollam,Kollam,358,Week 09-2023,2023-03-02,2023-03-02 08:50:53
India,Kollam,Varkala,Varkala,41,Week 09-2023,2023-03-02,2023-03-02 08:50:53
India,Kollam,Chathanoor,Chathanoor,8,Week 09-2023,2023-03-02,2023-03-02 08:50:53
India,Ongole,Ongole,Ongole,197,Week 09-2023,2023-03-02,2023-03-02 08:50:53
India,Tiruvannamalai,Tiruvannamalai,Tiruvannamalai,66,Week 09-2023,2023-03-02,2023-03-02 08:50:53
India,Thoothukudi,Thoothukudi,Thoothukudi,162,Week 09-2023,2023-03-02,2023-03-02 08:50:53
India,Krishnagiri,Krishnagiri,Krishnagiri,53,Week 09-2023,2023-03-02,2023-03-02 08:50:53
India,Kumbakonam,Kumbakonam,Kumbakonam,105,Week 09-2023,2023-03-02,2023-03-02 08:50:53
India,Bhimavaram,Bhimavaram,Bhimavaram,121,Week 09-2023,2023-03-02,2023-03-02 08:50:53
India,Nagercoil,Nagercoil,Nagercoil,195,Week 09-2023,2023-03-02,2023-03-02 08:50:53
India,Dindigul,Dindigul,Dindigul,209,Week 09-2023,2023-03-02,2023-03-02 08:50:53
India,Sri Ganganagar,Sri Ganganagar,Sri Ganganagar,276,Week 09-2023,2023-03-02,2023-03-02 08:50:53
India,Tirunelveli,Tirunelveli,Tirunelveli,341,Week 09-2023,2023-03-02,2023-03-02 08:50:53
India,Karaikudi,Karaikudi,Karaikudi,173,Week 09-2023,2023-03-02,2023-03-02 08:50:53
India,Karaikudi,Devakottai,Devakottai,9,Week 09-2023,2023-03-02,2023-03-02 08:50:53
India,Bhiwadi,Bhiwadi,Bhiwadi,214,Week 09-2023,2023-03-02,2023-03-02 08:50:53
India,Korba,Korba,Korba,211,Week 09-2023,2023-03-02,2023-03-02 08:50:53
India,Guna,Guna,Guna,97,Week 09-2023,2023-03-02,2023-03-02 08:50:53
India,Karimnagar,Karimnagar,Karimnagar,261,Week 09-2023,2023-03-02,2023-03-02 08:50:53
India,Gandhidham,Gandhidham,Gandhidham,312,Week 09-2023,2023-03-02,2023-03-02 08:50:53
India,Bharatpur,Bharatpur,Bharatpur,141,Week 09-2023,2023-03-02,2023-03-02 08:50:53
India,Bharatpur,Sewar,Sewar,6,Week 09-2023,2023-03-02,2023-03-02 08:50:53
India,Chhindwara,Chhindwara,Chhindwara,131,Week 09-2023,2023-03-02,2023-03-02 08:50:53
India,Srikakulam,Srikakulam,Srikakulam,123,Week 09-2023,2023-03-02,2023-03-02 08:50:53
India,Tuni,Tuni,Tuni,67,Week 09-2023,2023-03-02,2023-03-02 08:50:53
India,Batala,Batala,Batala,93,Week 09-2023,2023-03-02,2023-03-02 08:50:53
India,Hoshiarpur,Hoshiarpur,Hoshiarpur,213,Week 09-2023,2023-03-02,2023-03-02 08:50:53
India,Phagwara,Phagwara,Phagwara,323,Week 09-2023,2023-03-02,2023-03-02 08:50:53
India,Khandwa,Khandwa,Khandwa,80,Week 09-2023,2023-03-02,2023-03-02 08:50:53
India,Dewas,Dewas,Dewas,156,Week 09-2023,2023-03-02,2023-03-02 08:50:53
India,Vapi,Vapi,Vapi,246,Week 09-2023,2023-03-02,2023-03-02 08:50:53
India,Vapi,Daman,Daman,23,Week 09-2023,2023-03-02,2023-03-02 08:50:53
India,Navsari,Navsari,Navsari,263,Week 09-2023,2023-03-02,2023-03-02 08:50:53
India,Nagaon,Nagaon,Nagaon,99,Week 09-2023,2023-03-02,2023-03-02 08:50:53
India,Valsad,Valsad,Valsad,197,Week 09-2023,2023-03-02,2023-03-02 08:50:53
India,Tadepalligudem,Tadepalligudem,Tadepalligudem,75,Week 09-2023,2023-03-02,2023-03-02 08:50:53
India,Eluru,Eluru,Eluru,158,Week 09-2023,2023-03-02,2023-03-02 08:50:53
India,Vizianagaram,Vizianagaram,Vizianagaram,196,Week 09-2023,2023-03-02,2023-03-02 08:50:53
India,Kadapa,Kadapa,Kadapa,243,Week 09-2023,2023-03-02,2023-03-02 08:50:53
India,Ratnagiri,Ratnagiri,Ratnagiri,120,Week 09-2023,2023-03-02,2023-03-02 08:50:53
India,Katni,Katni,Katni,127,Week 09-2023,2023-03-02,2023-03-02 08:50:53
India,Latur,Latur,Latur,436,Week 09-2023,2023-03-02,2023-03-02 08:50:53
India,Akola,Akola,Akola,308,Week 09-2023,2023-03-02,2023-03-02 08:50:53
India,Satara,Satara,Satara,354,Week 09-2023,2023-03-02,2023-03-02 08:50:53
India,Sangli,Sangli,Sangli,533,Week 09-2023,2023-03-02,2023-03-02 08:50:53
India,Sangli,Jaysingpur,Jaysingpur,40,Week 09-2023,2023-03-02,2023-03-02 08:50:53
India,Dhule,Dhule,Dhule,236,Week 09-2023,2023-03-02,2023-03-02 08:50:53
India,Bharuch,Bharuch,Bharuch,333,Week 09-2023,2023-03-02,2023-03-02 08:50:53
India,Satna,Satna,Satna,178,Week 09-2023,2023-03-02,2023-03-02 08:50:53
India,Sagar,Sagar,Sagar,234,Week 09-2023,2023-03-02,2023-03-02 08:50:53
India,Ratlam,Ratlam,Ratlam,189,Week 09-2023,2023-03-02,2023-03-02 08:50:53
India,Bardhaman,Bardhaman,Bardhaman,193,Week 09-2023,2023-03-02,2023-03-02 08:50:53
India,Asansol,Asansol,Asansol,223,Week 09-2023,2023-03-02,2023-03-02 08:50:53
India,Roorkee,Roorkee,Roorkee,294,Week 09-2023,2023-03-02,2023-03-02 08:50:53
India,Haldwani,Haldwani,Haldwani,666,Week 09-2023,2023-03-02,2023-03-02 08:50:53
India,Raebareli,Raebareli,Raebareli,134,Week 09-2023,2023-03-02,2023-03-02 08:50:53
India,Chittorgarh,Chittorgarh,Chittorgarh,124,Week 09-2023,2023-03-02,2023-03-02 08:50:53
India,Bhilwara,Bhilwara,Bhilwara,328,Week 09-2023,2023-03-02,2023-03-02 08:50:53
India,Sangrur,Sangrur,Sangrur,154,Week 09-2023,2023-03-02,2023-03-02 08:50:53
India,Sangrur,Sunam,Sunam,47,Week 09-2023,2023-03-02,2023-03-02 08:50:53
India,Sangrur,Bhawanigarh,Bhawanigarh,9,Week 09-2023,2023-03-02,2023-03-02 08:50:53
India,Firozpur,Firozpur,Firozpur,147,Week 09-2023,2023-03-02,2023-03-02 08:50:53
India,Solan,Solan,Solan,202,Week 09-2023,2023-03-02,2023-03-02 08:50:53
India,Yamuna Nagar,Yamuna Nagar,Yamuna Nagar,359,Week 09-2023,2023-03-02,2023-03-02 08:50:53
India,Rohtak,Rohtak,Rohtak,443,Week 09-2023,2023-03-02,2023-03-02 08:50:53
India,Kurukshetra,Kurukshetra,Kurukshetra,324,Week 09-2023,2023-03-02,2023-03-02 08:50:53
India,Kurukshetra,Ladwa,Ladwa,18,Week 09-2023,2023-03-02,2023-03-02 08:50:53
India,Gaya,Gaya,Gaya,345,Week 09-2023,2023-03-02,2023-03-02 08:50:53
India,Bhagalpur,Bhagalpur,Bhagalpur,337,Week 09-2023,2023-03-02,2023-03-02 08:50:53
India,Bhagalpur,Nathnagar,Nathnagar,21,Week 09-2023,2023-03-02,2023-03-02 08:50:53
India,Kanchipuram,Kanchipuram,Kanchipuram,100,Week 09-2023,2023-03-02,2023-03-02 08:50:53
India,Shimoga,Shimoga,Shimoga,176,Week 09-2023,2023-03-02,2023-03-02 08:50:53
India,Gulbarga,Gulbarga,Gulbarga,306,Week 09-2023,2023-03-02,2023-03-02 08:50:53
India,Rajahmundry,Rajahmundry,Rajahmundry,396,Week 09-2023,2023-03-02,2023-03-02 08:50:53
India,Kakinada,Kakinada,Kakinada,328,Week 09-2023,2023-03-02,2023-03-02 08:50:53
India,Ambala,Ambala,Ambala,943,Week 09-2023,2023-03-02,2023-03-02 08:50:53
India,Sonipat,Sonipat,Sonipat,299,Week 09-2023,2023-03-02,2023-03-02 08:50:53
India,Solapur,Solapur,Solapur,787,Week 09-2023,2023-03-02,2023-03-02 08:50:53
India,Nellore,Nellore,Nellore,555,Week 09-2023,2023-03-02,2023-03-02 08:50:53
India,Nanded,Nanded,Nanded,429,Week 09-2023,2023-03-02,2023-03-02 08:50:53
India,Muzaffarnagar,Muzaffarnagar,Muzaffarnagar,229,Week 09-2023,2023-03-02,2023-03-02 08:50:53
India,Moradabad,Moradabad,Moradabad,500,Week 09-2023,2023-03-02,2023-03-02 08:50:53
India,Mathura,Mathura,Mathura,414,Week 09-2023,2023-03-02,2023-03-02 08:50:53
India,Kurnool,Kurnool,Kurnool,415,Week 09-2023,2023-03-02,2023-03-02 08:50:53
India,Jalgaon,Jalgaon,Jalgaon,395,Week 09-2023,2023-03-02,2023-03-02 08:50:53
India,Hisar,Hisar,Hisar,429,Week 09-2023,2023-03-02,2023-03-02 08:50:53
India,Durgapur,Durgapur,Durgapur,308,Week 09-2023,2023-03-02,2023-03-02 08:50:53
India,Dhanbad,Dhanbad,Dhanbad,499,Week 09-2023,2023-03-02,2023-03-02 08:50:53
India,Dhanbad,Govindpur,Govindpur,23,Week 09-2023,2023-03-02,2023-03-02 08:50:53
India,Dhanbad,Bhuli,Bhuli,21,Week 09-2023,2023-03-02,2023-03-02 08:50:53
India,Dhanbad,Katras,Katras,18,Week 09-2023,2023-03-02,2023-03-02 08:50:53
India,Davanagere,Davanagere,Davanagere,188,Week 09-2023,2023-03-02,2023-03-02 08:50:53
India,Bokaro,Bokaro,Bokaro,227,Week 09-2023,2023-03-02,2023-03-02 08:50:53
India,Bhavnagar,Bhavnagar,Bhavnagar,263,Week 09-2023,2023-03-02,2023-03-02 08:50:53
India,Bellary,Bellary,Bellary,130,Week 09-2023,2023-03-02,2023-03-02 08:50:53
India,Belgaum,Belgaum,Belgaum,594,Week 09-2023,2023-03-02,2023-03-02 08:50:53
India,Anantapur,Anantapur,Anantapur,430,Week 09-2023,2023-03-02,2023-03-02 08:50:53
India,Anantapur,Tadipatri,Tadipatri,20,Week 09-2023,2023-03-02,2023-03-02 08:50:53
India,Alwar,Alwar,Alwar,335,Week 09-2023,2023-03-02,2023-03-02 08:50:53
India,Aligarh,Aligarh,Aligarh,400,Week 09-2023,2023-03-02,2023-03-02 08:50:53
India,Ahmednagar,Ahmednagar,Ahmednagar,462,Week 09-2023,2023-03-02,2023-03-02 08:50:53
India,Muktsar,Shree Muktsar Sahib,Shree Muktsar Sahib,93,Week 09-2023,2023-03-02,2023-03-02 08:50:53
India,Muktsar,Narang Colony,Narang Colony,15,Week 09-2023,2023-03-02,2023-03-02 08:50:53
India,Muktsar,Bhullar Colony,Bhullar Colony,11,Week 09-2023,2023-03-02,2023-03-02 08:50:53
India,Muktsar,New Grain Market,New Grain Market,6,Week 09-2023,2023-03-02,2023-03-02 08:50:53
India,Hubli,Vidya Nagar,Vidya Nagar,229,Week 09-2023,2023-03-02,2023-03-02 08:50:53
India,Hubli,New Hubli,New Hubli,142,Week 09-2023,2023-03-02,2023-03-02 08:50:53
India,Hubli,Keshwapur,Keshwapur,99,Week 09-2023,2023-03-02,2023-03-02 08:50:53
India,Hubli,Rajendra Nagar,Rajendra Nagar,82,Week 09-2023,2023-03-02,2023-03-02 08:50:53
India,Hubli,Old Hubli,Old Hubli,32,Week 09-2023,2023-03-02,2023-03-02 08:50:53
India,Hubli,Navanagar,Navanagar,8,Week 09-2023,2023-03-02,2023-03-02 08:50:53
India,Hubli,Bhairidevakoppa Dargha,Bhairidevakoppa Dargha,8,Week 09-2023,2023-03-02,2023-03-02 08:50:53
India,Hubli,Chalukya Nagar,Chalukya Nagar,7,Week 09-2023,2023-03-02,2023-03-02 08:50:53
India,Dharwad,Maratha Colony,Maratha Colony,54,Week 09-2023,2023-03-02,2023-03-02 08:50:53
India,Dharwad,Saptapur,Saptapur,52,Week 09-2023,2023-03-02,2023-03-02 08:50:53
India,Dharwad,Vidyagiri,Vidyagiri,41,Week 09-2023,2023-03-02,2023-03-02 08:50:53
India,Dharwad,Malmaddi,Malmaddi,24,Week 09-2023,2023-03-02,2023-03-02 08:50:53
India,Dharwad,Narayanpura,Narayanpura,20,Week 09-2023,2023-03-02,2023-03-02 08:50:53
India,Dharwad,Sattur,Sattur,19,Week 09-2023,2023-03-02,2023-03-02 08:50:53
India,Dharwad,Hosayellapur,Hosayellapur,14,Week 09-2023,2023-03-02,2023-03-02 08:50:53
India,Dharwad,Shriram Nagar,Shriram Nagar,8,Week 09-2023,2023-03-02,2023-03-02 08:50:53
India,Dharwad,Police Head Quarters,Police Head Quarters,6,Week 09-2023,2023-03-02,2023-03-02 08:50:53
India,Warangal,Hanamakonda,Hanamakonda,405,Week 09-2023,2023-03-02,2023-03-02 08:50:53
India,Warangal,Girmajipet,Girmajipet,68,Week 09-2023,2023-03-02,2023-03-02 08:50:53
India,Warangal,Kothawada,Kothawada,20,Week 09-2023,2023-03-02,2023-03-02 08:50:53
India,Warangal,Shiva Nagar,Shiva Nagar,19,Week 09-2023,2023-03-02,2023-03-02 08:50:53
India,Warangal,Mathwada,Mathwada,13,Week 09-2023,2023-03-02,2023-03-02 08:50:53
India,Warangal,Deshaipet,Deshaipet,7,Week 09-2023,2023-03-02,2023-03-02 08:50:53
India,Warangal,Ramannapet,Ramannapet,6,Week 09-2023,2023-03-02,2023-03-02 08:50:53
India,Warangal,Rangashaipet,Rangashaipet,6,Week 09-2023,2023-03-02,2023-03-02 08:50:53
India,Warangal,Lb Nagar,Lb Nagar,5,Week 09-2023,2023-03-02,2023-03-02 08:50:53
India,Tiruppur,Kumar Nagar,Kumar Nagar,117,Week 09-2023,2023-03-02,2023-03-02 08:50:53
India,Tiruppur,Valliammai Nagar,Valliammai Nagar,97,Week 09-2023,2023-03-02,2023-03-02 08:50:53
India,Tiruppur,Velampalayam,Velampalayam,92,Week 09-2023,2023-03-02,2023-03-02 08:50:53
India,Tiruppur,Valipalayam,Valipalayam,66,Week 09-2023,2023-03-02,2023-03-02 08:50:53
India,Tiruppur,Karuvampalayam,Karuvampalayam,51,Week 09-2023,2023-03-02,2023-03-02 08:50:53
India,Tiruppur,Veerapandi,Veerapandi,46,Week 09-2023,2023-03-02,2023-03-02 08:50:53
India,Tiruppur,Rayapuram,Rayapuram,46,Week 09-2023,2023-03-02,2023-03-02 08:50:53
India,Tiruppur,Pitchampalayam Pudur,Pitchampalayam Pudur,33,Week 09-2023,2023-03-02,2023-03-02 08:50:53
India,Tiruppur,Laxmi Nagar,Laxmi Nagar,26,Week 09-2023,2023-03-02,2023-03-02 08:50:53
India,Tiruppur,K Chettipalayam,K Chettipalayam,19,Week 09-2023,2023-03-02,2023-03-02 08:50:53
India,Tiruppur,Bavani Nagar,Bavani Nagar,16,Week 09-2023,2023-03-02,2023-03-02 08:50:53
India,Tiruppur,Mannarai,Mannarai,10,Week 09-2023,2023-03-02,2023-03-02 08:50:53
India,Tiruppur,Ms Nagar,Ms Nagar,9,Week 09-2023,2023-03-02,2023-03-02 08:50:53
India,Tiruppur,Pandiyan Nagar,Pandiyan Nagar,8,Week 09-2023,2023-03-02,2023-03-02 08:50:53
India,Tanjore,South Rampart,South Rampart,46,Week 09-2023,2023-03-02,2023-03-02 08:50:53
India,Tanjore,Annai Sathya Nagar,Annai Sathya Nagar,35,Week 09-2023,2023-03-02,2023-03-02 08:50:53
India,Tanjore,Avp Azhagammal Nagar,Avp Azhagammal Nagar,35,Week 09-2023,2023-03-02,2023-03-02 08:50:53
India,Tanjore,Eiswari Nagar,Eiswari Nagar,35,Week 09-2023,2023-03-02,2023-03-02 08:50:53
India,Tanjore,Maharnonbu Chavadi,Maharnonbu Chavadi,24,Week 09-2023,2023-03-02,2023-03-02 08:50:53
India,Tanjore,Anna Nagar,Anna Nagar,21,Week 09-2023,2023-03-02,2023-03-02 08:50:53
India,Tanjore,Ramani Nagar,Ramani Nagar,10,Week 09-2023,2023-03-02,2023-03-02 08:50:53
India,Tanjore,Sundaram Pillai Nagar,Sundaram Pillai Nagar,8,Week 09-2023,2023-03-02,2023-03-02 08:50:53
India,Tanjore,Sundram Nagar,Sundram Nagar,6,Week 09-2023,2023-03-02,2023-03-02 08:50:53
India,Silvassa,Bavisa Faliya,Bavisa Faliya,23,Week 09-2023,2023-03-02,2023-03-02 08:50:53
India,Silvassa,Amli Ind Estate,Amli Ind Estate,22,Week 09-2023,2023-03-02,2023-03-02 08:50:53
India,Silvassa,Samarvarni,Samarvarni,21,Week 09-2023,2023-03-02,2023-03-02 08:50:53
India,Silvassa,Danudyog Industrial Estate,Danudyog Industrial Estate,21,Week 09-2023,2023-03-02,2023-03-02 08:50:53
India,Shillong,Police Bazaar,Police Bazaar,49,Week 09-2023,2023-03-02,2023-03-02 08:50:53
India,Shillong,Laitumkhrah,Laitumkhrah,41,Week 09-2023,2023-03-02,2023-03-02 08:50:53
India,Shillong,Golf Links,Golf Links,11,Week 09-2023,2023-03-02,2023-03-02 08:50:53
India,Shillong,Nongrimbrah,Nongrimbrah,5,Week 09-2023,2023-03-02,2023-03-02 08:50:53
India,Saharanpur,Subhash Nagar,Subhash Nagar,72,Week 09-2023,2023-03-02,2023-03-02 08:50:53
India,Saharanpur,Chander Nagar,Chander Nagar,60,Week 09-2023,2023-03-02,2023-03-02 08:50:53
India,Saharanpur,Haqikatnagar,Haqikatnagar,44,Week 09-2023,2023-03-02,2023-03-02 08:50:53
India,Saharanpur,Ram Nagar,Ram Nagar,21,Week 09-2023,2023-03-02,2023-03-02 08:50:53
India,Saharanpur,Railway Colony,Railway Colony,21,Week 09-2023,2023-03-02,2023-03-02 08:50:53
India,Saharanpur,Khatakeri,Khatakeri,19,Week 09-2023,2023-03-02,2023-03-02 08:50:53
India,Saharanpur,Numaish Camp,Numaish Camp,18,Week 09-2023,2023-03-02,2023-03-02 08:50:53
India,Saharanpur,Khalasi Lines,Khalasi Lines,13,Week 09-2023,2023-03-02,2023-03-02 08:50:53
India,Saharanpur,Nawabganj,Nawabganj,12,Week 09-2023,2023-03-02,2023-03-02 08:50:53
India,Saharanpur,Khan Alampura,Khan Alampura,10,Week 09-2023,2023-03-02,2023-03-02 08:50:53
India,Saharanpur,Patel Nagar,Patel Nagar,7,Week 09-2023,2023-03-02,2023-03-02 08:50:53
India,Saharanpur,Jwala Nagar,Jwala Nagar,5,Week 09-2023,2023-03-02,2023-03-02 08:50:53
India,Rourkela,Raghunathpali,Raghunathpali,55,Week 09-2023,2023-03-02,2023-03-02 08:50:53
India,Rourkela,Raurkela Industrialship,Raurkela Industrialship,47,Week 09-2023,2023-03-02,2023-03-02 08:50:53
India,Rourkela,Railway Colony,Railway Colony,28,Week 09-2023,2023-03-02,2023-03-02 08:50:53
India,Rourkela,Chhend Colony,Chhend Colony,21,Week 09-2023,2023-03-02,2023-03-02 08:50:53
India,Rourkela,Koel Nagar,Koel Nagar,21,Week 09-2023,2023-03-02,2023-03-02 08:50:53
India,Rourkela,Udit Nagar,Udit Nagar,16,Week 09-2023,2023-03-02,2023-03-02 08:50:53
India,Rourkela,Sector 6,Sector 6,8,Week 09-2023,2023-03-02,2023-03-02 08:50:53
India,Rourkela,Basanti Nagar,Basanti Nagar,6,Week 09-2023,2023-03-02,2023-03-02 08:50:53
India,Panipat,Model Town,Model Town,107,Week 09-2023,2023-03-02,2023-03-02 08:50:53
India,Panipat,New Hb Colony,New Hb Colony,44,Week 09-2023,2023-03-02,2023-03-02 08:50:53
India,Panipat,Tehsil Camp,Tehsil Camp,43,Week 09-2023,2023-03-02,2023-03-02 08:50:53
India,Panipat,Huda Sector 25,Huda Sector 25,43,Week 09-2023,2023-03-02,2023-03-02 08:50:53
India,Panipat,Old Hb Colony,Old Hb Colony,37,Week 09-2023,2023-03-02,2023-03-02 08:50:53
India,Panipat,Mahrana,Mahrana,28,Week 09-2023,2023-03-02,2023-03-02 08:50:53
India,Panipat,"Huda Sector 13,17,18","Huda Sector 13,17,18",26,Week 09-2023,2023-03-02,2023-03-02 08:50:53
India,Panipat,Krishanpura,Krishanpura,8,Week 09-2023,2023-03-02,2023-03-02 08:50:53
India,Mount Abu,Nakki Lake,Nakki Lake,19,Week 09-2023,2023-03-02,2023-03-02 08:50:53
India,Mount Abu,Machgaon,Machgaon,8,Week 09-2023,2023-03-02,2023-03-02 08:50:53
India,Kohima,Midland Colony,Midland Colony,7,Week 09-2023,2023-03-02,2023-03-02 08:50:53
India,Kharagpur,Iit Kharagpur,Iit Kharagpur,77,Week 09-2023,2023-03-02,2023-03-02 08:50:53
India,Kharagpur,Medinipur,Medinipur,68,Week 09-2023,2023-03-02,2023-03-02 08:50:53
India,Kharagpur,Inda,Inda,34,Week 09-2023,2023-03-02,2023-03-02 08:50:53
India,Kharagpur,Malancha,Malancha,15,Week 09-2023,2023-03-02,2023-03-02 08:50:53
India,Kharagpur,New Settlement,New Settlement,9,Week 09-2023,2023-03-02,2023-03-02 08:50:53
India,Kharagpur,Bidhanpally,Bidhanpally,9,Week 09-2023,2023-03-02,2023-03-02 08:50:53
India,Kharagpur,Kharagpur Rly Settlement,Kharagpur Rly Settlement,6,Week 09-2023,2023-03-02,2023-03-02 08:50:53
India,Kharagpur,Talbagicha,Talbagicha,5,Week 09-2023,2023-03-02,2023-03-02 08:50:53
India,Karnal,Sector 13,Sector 13,68,Week 09-2023,2023-03-02,2023-03-02 08:50:53
India,Karnal,Sector 14,Sector 14,55,Week 09-2023,2023-03-02,2023-03-02 08:50:53
India,Karnal,Model Town,Model Town,46,Week 09-2023,2023-03-02,2023-03-02 08:50:53
India,Karnal,Dyal Singh Colony,Dyal Singh Colony,45,Week 09-2023,2023-03-02,2023-03-02 08:50:53
India,Karnal,Sector 7,Sector 7,30,Week 09-2023,2023-03-02,2023-03-02 08:50:53
India,Karnal,Ramesh Nagar,Ramesh Nagar,25,Week 09-2023,2023-03-02,2023-03-02 08:50:53
India,Karnal,Alpha International City,Alpha International City,24,Week 09-2023,2023-03-02,2023-03-02 08:50:53
India,Karnal,Sector 9,Sector 9,16,Week 09-2023,2023-03-02,2023-03-02 08:50:53
India,Karnal,Kheri Naru,Kheri Naru,11,Week 09-2023,2023-03-02,2023-03-02 08:50:53
India,Karnal,Ram Nagar,Ram Nagar,10,Week 09-2023,2023-03-02,2023-03-02 08:50:53
India,Karnal,Ansal Town,Ansal Town,9,Week 09-2023,2023-03-02,2023-03-02 08:50:53
India,Karnal,Sector 33,Sector 33,6,Week 09-2023,2023-03-02,2023-03-02 08:50:53
India,Karnal,Sector 3,Sector 3,6,Week 09-2023,2023-03-02,2023-03-02 08:50:53
India,Jhansi,Civil Lines,Civil Lines,170,Week 09-2023,2023-03-02,2023-03-02 08:50:53
India,Jhansi,Sipri Bazaar,Sipri Bazaar,113,Week 09-2023,2023-03-02,2023-03-02 08:50:53
India,Jhansi,Cantt,Cantt,86,Week 09-2023,2023-03-02,2023-03-02 08:50:53
India,Jhansi,Purana Sahar,Purana Sahar,64,Week 09-2023,2023-03-02,2023-03-02 08:50:53
India,Jhansi,Shivaji Nagar,Shivaji Nagar,26,Week 09-2023,2023-03-02,2023-03-02 08:50:53
India,Jhansi,Indrapuri,Indrapuri,25,Week 09-2023,2023-03-02,2023-03-02 08:50:53
India,Jhansi,Bundelkhand University,Bundelkhand University,23,Week 09-2023,2023-03-02,2023-03-02 08:50:53
India,Jhansi,Rajghat Colony,Rajghat Colony,18,Week 09-2023,2023-03-02,2023-03-02 08:50:53
India,Jhansi,Hansari,Hansari,16,Week 09-2023,2023-03-02,2023-03-02 08:50:53
India,Jhansi,Ansal Colony,Ansal Colony,14,Week 09-2023,2023-03-02,2023-03-02 08:50:53
India,Jhansi,Nagra,Nagra,13,Week 09-2023,2023-03-02,2023-03-02 08:50:53
India,Jhansi,Jhokan Bagh,Jhokan Bagh,10,Week 09-2023,2023-03-02,2023-03-02 08:50:53
India,Jhansi,Bijauli Industrial Area,Bijauli Industrial Area,6,Week 09-2023,2023-03-02,2023-03-02 08:50:53
India,Imphal,Thangal Bazaar,Thangal Bazaar,27,Week 09-2023,2023-03-02,2023-03-02 08:50:53
India,Imphal,Keishamthong,Keishamthong,21,Week 09-2023,2023-03-02,2023-03-02 08:50:53
India,Imphal,Chingmeirong,Chingmeirong,15,Week 09-2023,2023-03-02,2023-03-02 08:50:53
India,Imphal,Kangla,Kangla,15,Week 09-2023,2023-03-02,2023-03-02 08:50:53
India,Imphal,Chingamikha,Chingamikha,11,Week 09-2023,2023-03-02,2023-03-02 08:50:53
India,Erode,Tiruchengode,Tiruchengode,76,Week 09-2023,2023-03-02,2023-03-02 08:50:53
India,Erode,Erode Fort,Erode Fort,74,Week 09-2023,2023-03-02,2023-03-02 08:50:53
India,Erode,Palayapalayam,Palayapalayam,67,Week 09-2023,2023-03-02,2023-03-02 08:50:53
India,Erode,Perundurai,Perundurai,64,Week 09-2023,2023-03-02,2023-03-02 08:50:53
India,Erode,Bhavani,Bhavani,46,Week 09-2023,2023-03-02,2023-03-02 08:50:53
India,Erode,Edayankattuvalasu,Edayankattuvalasu,45,Week 09-2023,2023-03-02,2023-03-02 08:50:53
India,Erode,Periyar Nagar,Periyar Nagar,44,Week 09-2023,2023-03-02,2023-03-02 08:50:53
India,Erode,Kollampalayam,Kollampalayam,38,Week 09-2023,2023-03-02,2023-03-02 08:50:53
India,Erode,Thindal,Thindal,26,Week 09-2023,2023-03-02,2023-03-02 08:50:53
India,Erode,Asokapuram,Asokapuram,25,Week 09-2023,2023-03-02,2023-03-02 08:50:53
India,Erode,Karungalpalayam,Karungalpalayam,22,Week 09-2023,2023-03-02,2023-03-02 08:50:53
India,Erode,Rn Pudur,Rn Pudur,9,Week 09-2023,2023-03-02,2023-03-02 08:50:53
India,Erode,Chettipalayam,Chettipalayam,8,Week 09-2023,2023-03-02,2023-03-02 08:50:53
India,Erode,Veerappampalayam,Veerappampalayam,7,Week 09-2023,2023-03-02,2023-03-02 08:50:53
India,Erode,Ngo Colony,Ngo Colony,7,Week 09-2023,2023-03-02,2023-03-02 08:50:53
India,Diu,Fort Road,Fort Road,20,Week 09-2023,2023-03-02,2023-03-02 08:50:53
India,Diu,Patelwadi,Patelwadi,19,Week 09-2023,2023-03-02,2023-03-02 08:50:53
India,Bikaner,Rani Bazaar,Rani Bazaar,66,Week 09-2023,2023-03-02,2023-03-02 08:50:53
India,Bikaner,Cantonment,Cantonment,61,Week 09-2023,2023-03-02,2023-03-02 08:50:53
India,Bikaner,Old Bikaner,Old Bikaner,55,Week 09-2023,2023-03-02,2023-03-02 08:50:53
India,Bikaner,Sadul Ganj,Sadul Ganj,54,Week 09-2023,2023-03-02,2023-03-02 08:50:53
India,Bikaner,Bikaner Fort,Bikaner Fort,45,Week 09-2023,2023-03-02,2023-03-02 08:50:53
India,Bikaner,Vallabh Garden,Vallabh Garden,30,Week 09-2023,2023-03-02,2023-03-02 08:50:53
India,Bikaner,Mukta Prasad Nagar,Mukta Prasad Nagar,21,Week 09-2023,2023-03-02,2023-03-02 08:50:53
India,Bikaner,Samta Nagar,Samta Nagar,18,Week 09-2023,2023-03-02,2023-03-02 08:50:53
India,Bikaner,Gangashahar,Gangashahar,13,Week 09-2023,2023-03-02,2023-03-02 08:50:53
India,Bikaner,Karni Colony,Karni Colony,9,Week 09-2023,2023-03-02,2023-03-02 08:50:53
India,Bikaner,Tilak Nagar,Tilak Nagar,7,Week 09-2023,2023-03-02,2023-03-02 08:50:53
India,Bikaner,Murlidhar Vyas Colony,Murlidhar Vyas Colony,6,Week 09-2023,2023-03-02,2023-03-02 08:50:53
India,Durg Bhilai,Nehru Nagar,Nehru Nagar,301,Week 09-2023,2023-03-02,2023-03-02 08:50:53
India,Durg Bhilai,Durg,Durg,143,Week 09-2023,2023-03-02,2023-03-02 08:50:53
India,Durg Bhilai,Bhilai Nagar Township,Bhilai Nagar Township,116,Week 09-2023,2023-03-02,2023-03-02 08:50:53
India,Durg Bhilai,Supela,Supela,106,Week 09-2023,2023-03-02,2023-03-02 08:50:53
India,Durg Bhilai,Risali,Risali,79,Week 09-2023,2023-03-02,2023-03-02 08:50:53
India,Durg Bhilai,Kohka,Kohka,76,Week 09-2023,2023-03-02,2023-03-02 08:50:53
India,Durg Bhilai,Janjgiri,Janjgiri,39,Week 09-2023,2023-03-02,2023-03-02 08:50:53
India,Durg Bhilai,Light Industrial Area,Light Industrial Area,34,Week 09-2023,2023-03-02,2023-03-02 08:50:53
India,Durg Bhilai,Charoda,Charoda,13,Week 09-2023,2023-03-02,2023-03-02 08:50:53
India,Bathinda,100Ft Road,100Ft Road,58,Week 09-2023,2023-03-02,2023-03-02 08:50:53
India,Bathinda,Gt Road,Gt Road,51,Week 09-2023,2023-03-02,2023-03-02 08:50:53
India,Bathinda,Bibi Wala Road,Bibi Wala Road,34,Week 09-2023,2023-03-02,2023-03-02 08:50:53
India,Bathinda,Batinda,Batinda,33,Week 09-2023,2023-03-02,2023-03-02 08:50:53
India,Bathinda,Model Town,Model Town,31,Week 09-2023,2023-03-02,2023-03-02 08:50:53
India,Bathinda,Ajit Road,Ajit Road,30,Week 09-2023,2023-03-02,2023-03-02 08:50:53
India,Bathinda,Mall Road,Mall Road,22,Week 09-2023,2023-03-02,2023-03-02 08:50:53
India,Bathinda,Bhucho Khurd,Bhucho Khurd,21,Week 09-2023,2023-03-02,2023-03-02 08:50:53
India,Bathinda,Rampura Phul,Rampura Phul,20,Week 09-2023,2023-03-02,2023-03-02 08:50:53
India,Bathinda,Dhobi Bazar,Dhobi Bazar,13,Week 09-2023,2023-03-02,2023-03-02 08:50:53
India,Bathinda,Civil Lines,Civil Lines,11,Week 09-2023,2023-03-02,2023-03-02 08:50:53
India,Bathinda,Amrik Singh Road,Amrik Singh Road,9,Week 09-2023,2023-03-02,2023-03-02 08:50:53
India,Bathinda,Housefeed Colony,Housefeed Colony,6,Week 09-2023,2023-03-02,2023-03-02 08:50:53
India,Bathinda,Baba Farid Nagar,Baba Farid Nagar,6,Week 09-2023,2023-03-02,2023-03-02 08:50:53
India,Bathinda,Old City,Old City,5,Week 09-2023,2023-03-02,2023-03-02 08:50:53
India,Bathinda,Partap Nagar,Partap Nagar,5,Week 09-2023,2023-03-02,2023-03-02 08:50:53
India,Bathinda,Mehna Chowk,Mehna Chowk,5,Week 09-2023,2023-03-02,2023-03-02 08:50:53
India,Bathinda,Parasram Nagar,Parasram Nagar,5,Week 09-2023,2023-03-02,2023-03-02 08:50:53
India,Bareilly,Model Town,Model Town,177,Week 09-2023,2023-03-02,2023-03-02 08:50:53
India,Bareilly,Subhash Nagar Colony,Subhash Nagar Colony,71,Week 09-2023,2023-03-02,2023-03-02 08:50:53
India,Bareilly,Civil Lines,Civil Lines,68,Week 09-2023,2023-03-02,2023-03-02 08:50:53
India,Bareilly,Izatnagar,Izatnagar,32,Week 09-2023,2023-03-02,2023-03-02 08:50:53
India,Bareilly,Mahanagar Colony,Mahanagar Colony,32,Week 09-2023,2023-03-02,2023-03-02 08:50:53
India,Bareilly,Nawada,Nawada,23,Week 09-2023,2023-03-02,2023-03-02 08:50:53
India,Bareilly,Green Park Colony,Green Park Colony,22,Week 09-2023,2023-03-02,2023-03-02 08:50:53
India,Bareilly,Qureshi Nagar,Qureshi Nagar,17,Week 09-2023,2023-03-02,2023-03-02 08:50:53
India,Bareilly,Suresh Sharma Nagar,Suresh Sharma Nagar,17,Week 09-2023,2023-03-02,2023-03-02 08:50:53
India,Bareilly,Gulab Nagar,Gulab Nagar,15,Week 09-2023,2023-03-02,2023-03-02 08:50:53
India,Bareilly,Gangapur,Gangapur,14,Week 09-2023,2023-03-02,2023-03-02 08:50:53
India,Bareilly,Rampur Garden,Rampur Garden,11,Week 09-2023,2023-03-02,2023-03-02 08:50:53
India,Bareilly,Cb Ganj,Cb Ganj,9,Week 09-2023,2023-03-02,2023-03-02 08:50:53
India,Bareilly,Prem Nagar,Prem Nagar,7,Week 09-2023,2023-03-02,2023-03-02 08:50:53
India,Bareilly,North City Extension,North City Extension,6,Week 09-2023,2023-03-02,2023-03-02 08:50:53
India,Anand,Vallabh Vidyanagar,Vallabh Vidyanagar,299,Week 09-2023,2023-03-02,2023-03-02 08:50:53
India,Anand,Gamdi,Gamdi,31,Week 09-2023,2023-03-02,2023-03-02 08:50:53
India,Anand,Vivekanad Wadi,Vivekanad Wadi,27,Week 09-2023,2023-03-02,2023-03-02 08:50:53
India,Anand,Rajodpura,Rajodpura,23,Week 09-2023,2023-03-02,2023-03-02 08:50:53
India,Anand,Gidc,Gidc,21,Week 09-2023,2023-03-02,2023-03-02 08:50:53
India,Anand,Nanikhodiyar,Nanikhodiyar,20,Week 09-2023,2023-03-02,2023-03-02 08:50:53
India,Anand,Popati Nagar,Popati Nagar,15,Week 09-2023,2023-03-02,2023-03-02 08:50:53
India,Anand,Jitodia,Jitodia,13,Week 09-2023,2023-03-02,2023-03-02 08:50:53
India,Anand,Karamsad,Karamsad,6,Week 09-2023,2023-03-02,2023-03-02 08:50:53
India,Anand,Purushottam Nagar,Purushottam Nagar,5,Week 09-2023,2023-03-02,2023-03-02 08:50:53
India,Aizawl,Chatlang,Chatlang,65,Week 09-2023,2023-03-02,2023-03-02 08:50:53
India,Aizawl,Khatla,Khatla,38,Week 09-2023,2023-03-02,2023-03-02 08:50:53
India,Agartala,Krishna Nagar,Krishna Nagar,94,Week 09-2023,2023-03-02,2023-03-02 08:50:53
India,Agartala,Dhaleswar,Dhaleswar,59,Week 09-2023,2023-03-02,2023-03-02 08:50:53
India,Agartala,Jay Nagar,Jay Nagar,31,Week 09-2023,2023-03-02,2023-03-02 08:50:53
India,Agartala,Ram Nagar,Ram Nagar,23,Week 09-2023,2023-03-02,2023-03-02 08:50:53
India,Agartala,Udaipur,Udaipur,22,Week 09-2023,2023-03-02,2023-03-02 08:50:53
India,Agartala,Indranagar,Indranagar,21,Week 09-2023,2023-03-02,2023-03-02 08:50:53
India,Agartala,79 Tilla,79 Tilla,18,Week 09-2023,2023-03-02,2023-03-02 08:50:53
India,Agartala,Hapania,Hapania,14,Week 09-2023,2023-03-02,2023-03-02 08:50:53
India,Agartala,Nutan Nagar,Nutan Nagar,11,Week 09-2023,2023-03-02,2023-03-02 08:50:53
India,Agartala,Pratapgarh,Pratapgarh,8,Week 09-2023,2023-03-02,2023-03-02 08:50:53
India,Agartala,Badharghat,Badharghat,6,Week 09-2023,2023-03-02,2023-03-02 08:50:53
India,Guntur,Lakshmipuram,Lakshmipuram,126,Week 09-2023,2023-03-02,2023-03-02 08:50:53
India,Guntur,Brodipet,Brodipet,114,Week 09-2023,2023-03-02,2023-03-02 08:50:53
India,Guntur,Tenali,Tenali,75,Week 09-2023,2023-03-02,2023-03-02 08:50:53
India,Guntur,Old Guntur,Old Guntur,70,Week 09-2023,2023-03-02,2023-03-02 08:50:53
India,Guntur,Amaravathi Road,Amaravathi Road,53,Week 09-2023,2023-03-02,2023-03-02 08:50:53
India,Guntur,Srinivasa Nagar Colony,Srinivasa Nagar Colony,50,Week 09-2023,2023-03-02,2023-03-02 08:50:53
India,Guntur,Srinivasarao Pet,Srinivasarao Pet,35,Week 09-2023,2023-03-02,2023-03-02 08:50:53
India,Guntur,Gorantla,Gorantla,25,Week 09-2023,2023-03-02,2023-03-02 08:50:53
India,Guntur,At Agraharam,At Agraharam,20,Week 09-2023,2023-03-02,2023-03-02 08:50:53
India,Guntur,Agatha Varappadu,Agatha Varappadu,12,Week 09-2023,2023-03-02,2023-03-02 08:50:53
India,Guntur,Sitaram Nagar,Sitaram Nagar,8,Week 09-2023,2023-03-02,2023-03-02 08:50:53
India,Jamshedpur,Bistupur,Bistupur,293,Week 09-2023,2023-03-02,2023-03-02 08:50:53
India,Jamshedpur,Sakchi,Sakchi,206,Week 09-2023,2023-03-02,2023-03-02 08:50:53
India,Jamshedpur,Mango,Mango,145,Week 09-2023,2023-03-02,2023-03-02 08:50:53
India,Jamshedpur,Sonari,Sonari,88,Week 09-2023,2023-03-02,2023-03-02 08:50:53
India,Jamshedpur,Gamharia,Gamharia,51,Week 09-2023,2023-03-02,2023-03-02 08:50:53
India,Jamshedpur,Golmuri,Golmuri,40,Week 09-2023,2023-03-02,2023-03-02 08:50:53
India,Jamshedpur,Telco Colony,Telco Colony,37,Week 09-2023,2023-03-02,2023-03-02 08:50:53
India,Jamshedpur,Birsanagar,Birsanagar,37,Week 09-2023,2023-03-02,2023-03-02 08:50:53
India,Jamshedpur,Burma Mines,Burma Mines,18,Week 09-2023,2023-03-02,2023-03-02 08:50:53
India,Jamshedpur,Ghatshila,Ghatshila,12,Week 09-2023,2023-03-02,2023-03-02 08:50:53
India,Jamshedpur,Adityapur,Adityapur,12,Week 09-2023,2023-03-02,2023-03-02 08:50:53
India,Jamshedpur,Chandil,Chandil,9,Week 09-2023,2023-03-02,2023-03-02 08:50:53
India,Jamshedpur,Govindpur,Govindpur,7,Week 09-2023,2023-03-02,2023-03-02 08:50:53
India,Gwalior,Lashkar,Lashkar,238,Week 09-2023,2023-03-02,2023-03-02 08:50:53
India,Gwalior,City Center,City Center,180,Week 09-2023,2023-03-02,2023-03-02 08:50:53
India,Gwalior,Deen Dayal Nagar,Deen Dayal Nagar,88,Week 09-2023,2023-03-02,2023-03-02 08:50:53
India,Gwalior,Morar,Morar,72,Week 09-2023,2023-03-02,2023-03-02 08:50:53
India,Gwalior,Thatipur,Thatipur,58,Week 09-2023,2023-03-02,2023-03-02 08:50:53
India,Gwalior,Shinde Ki Chhawani,Shinde Ki Chhawani,58,Week 09-2023,2023-03-02,2023-03-02 08:50:53
India,Gwalior,Vinay Nagar,Vinay Nagar,44,Week 09-2023,2023-03-02,2023-03-02 08:50:53
India,Gwalior,Naya Bazaar,Naya Bazaar,37,Week 09-2023,2023-03-02,2023-03-02 08:50:53
India,Gwalior,Madhav Ganj,Madhav Ganj,32,Week 09-2023,2023-03-02,2023-03-02 08:50:53
India,Gwalior,Birla Nagar,Birla Nagar,32,Week 09-2023,2023-03-02,2023-03-02 08:50:53
India,Gwalior,Anand Nagar,Anand Nagar,24,Week 09-2023,2023-03-02,2023-03-02 08:50:53
India,Gwalior,Mahalgaon,Mahalgaon,21,Week 09-2023,2023-03-02,2023-03-02 08:50:53
India,Gwalior,Gulmohar City,Gulmohar City,19,Week 09-2023,2023-03-02,2023-03-02 08:50:53
India,Gwalior,Prasad Nagar,Prasad Nagar,16,Week 09-2023,2023-03-02,2023-03-02 08:50:53
India,Gwalior,Ghosipura,Ghosipura,14,Week 09-2023,2023-03-02,2023-03-02 08:50:53
India,Gwalior,Lohamandi,Lohamandi,13,Week 09-2023,2023-03-02,2023-03-02 08:50:53
India,Gwalior,Model Town,Model Town,11,Week 09-2023,2023-03-02,2023-03-02 08:50:53
India,Gwalior,Vijaynagar,Vijaynagar,7,Week 09-2023,2023-03-02,2023-03-02 08:50:53
India,Jabalpur,Napier Town,Napier Town,148,Week 09-2023,2023-03-02,2023-03-02 08:50:53
India,Jabalpur,Vijay Nagar,Vijay Nagar,121,Week 09-2023,2023-03-02,2023-03-02 08:50:53
India,Jabalpur,Wright Town,Wright Town,85,Week 09-2023,2023-03-02,2023-03-02 08:50:53
India,Jabalpur,Civil Lines,Civil Lines,64,Week 09-2023,2023-03-02,2023-03-02 08:50:53
India,Jabalpur,Cantt,Cantt,61,Week 09-2023,2023-03-02,2023-03-02 08:50:53
India,Jabalpur,Hathital,Hathital,58,Week 09-2023,2023-03-02,2023-03-02 08:50:53
India,Jabalpur,Rampur,Rampur,58,Week 09-2023,2023-03-02,2023-03-02 08:50:53
India,Jabalpur,Garha,Garha,52,Week 09-2023,2023-03-02,2023-03-02 08:50:53
India,Jabalpur,Ganjipura,Ganjipura,39,Week 09-2023,2023-03-02,2023-03-02 08:50:53
India,Jabalpur,Adhartal,Adhartal,38,Week 09-2023,2023-03-02,2023-03-02 08:50:53
India,Jabalpur,Cod Area,Cod Area,24,Week 09-2023,2023-03-02,2023-03-02 08:50:53
India,Jabalpur,Shastri Nagar,Shastri Nagar,21,Week 09-2023,2023-03-02,2023-03-02 08:50:53
India,Jabalpur,Lordganj,Lordganj,21,Week 09-2023,2023-03-02,2023-03-02 08:50:53
India,Jabalpur,Gohalpur,Gohalpur,18,Week 09-2023,2023-03-02,2023-03-02 08:50:53
India,Jabalpur,Karmeta,Karmeta,16,Week 09-2023,2023-03-02,2023-03-02 08:50:53
India,Jabalpur,Dhanvantari Nagar,Dhanvantari Nagar,14,Week 09-2023,2023-03-02,2023-03-02 08:50:53
India,Jabalpur,Shakti Nagar,Shakti Nagar,11,Week 09-2023,2023-03-02,2023-03-02 08:50:53
India,Jabalpur,Ghamapur,Ghamapur,11,Week 09-2023,2023-03-02,2023-03-02 08:50:53
India,Jabalpur,Mahrajpur,Mahrajpur,10,Week 09-2023,2023-03-02,2023-03-02 08:50:53
India,Jabalpur,Chandmari,Chandmari,7,Week 09-2023,2023-03-02,2023-03-02 08:50:53
India,Jabalpur,Khamaria,Khamaria,5,Week 09-2023,2023-03-02,2023-03-02 08:50:53
India,Amravati,Ambapeth,Ambapeth,154,Week 09-2023,2023-03-02,2023-03-02 08:50:53
India,Amravati,Maltekedi,Maltekedi,148,Week 09-2023,2023-03-02,2023-03-02 08:50:53
India,Amravati,Navsaari,Navsaari,70,Week 09-2023,2023-03-02,2023-03-02 08:50:53
India,Amravati,Dastur Nagar,Dastur Nagar,65,Week 09-2023,2023-03-02,2023-03-02 08:50:53
India,Amravati,Sai Nagar,Sai Nagar,56,Week 09-2023,2023-03-02,2023-03-02 08:50:53
India,Amravati,Arjun Nagar,Arjun Nagar,29,Week 09-2023,2023-03-02,2023-03-02 08:50:53
India,Amravati,Sharda Vihar,Sharda Vihar,27,Week 09-2023,2023-03-02,2023-03-02 08:50:53
India,Amravati,Yogiraj Nagar,Yogiraj Nagar,26,Week 09-2023,2023-03-02,2023-03-02 08:50:53
India,Amravati,Gopal Nagar,Gopal Nagar,25,Week 09-2023,2023-03-02,2023-03-02 08:50:53
India,Amravati,Hazrat Bilal Nagar,Hazrat Bilal Nagar,21,Week 09-2023,2023-03-02,2023-03-02 08:50:53
India,Amravati,Siddhivinayak Nagar,Siddhivinayak Nagar,17,Week 09-2023,2023-03-02,2023-03-02 08:50:53
India,Amravati,Nai Basti,Nai Basti,16,Week 09-2023,2023-03-02,2023-03-02 08:50:53
India,Amravati,Juni Basti,Juni Basti,15,Week 09-2023,2023-03-02,2023-03-02 08:50:53
India,Amravati,Transport Nagar,Transport Nagar,10,Week 09-2023,2023-03-02,2023-03-02 08:50:53
India,Amravati,Guruchhaya Colony,Guruchhaya Colony,8,Week 09-2023,2023-03-02,2023-03-02 08:50:53
India,Kolhapur,Mangalwar Peth,Mangalwar Peth,139,Week 09-2023,2023-03-02,2023-03-02 08:50:53
India,Kolhapur,Tarabhai Park,Tarabhai Park,126,Week 09-2023,2023-03-02,2023-03-02 08:50:53
India,Kolhapur,Rajarampuri,Rajarampuri,116,Week 09-2023,2023-03-02,2023-03-02 08:50:53
India,Kolhapur,Shahupuri,Shahupuri,104,Week 09-2023,2023-03-02,2023-03-02 08:50:53
India,Kolhapur,Ruikar Colony,Ruikar Colony,39,Week 09-2023,2023-03-02,2023-03-02 08:50:53
India,Kolhapur,Shivaji Udyam Nagar,Shivaji Udyam Nagar,23,Week 09-2023,2023-03-02,2023-03-02 08:50:53
India,Kolhapur,Kasaba Bawada,Kasaba Bawada,19,Week 09-2023,2023-03-02,2023-03-02 08:50:53
India,Kolhapur,Vidya Nagar,Vidya Nagar,19,Week 09-2023,2023-03-02,2023-03-02 08:50:53
India,Kolhapur,Sarnobatwadi,Sarnobatwadi,19,Week 09-2023,2023-03-02,2023-03-02 08:50:53
India,Kolhapur,Hari Om Nagar,Hari Om Nagar,19,Week 09-2023,2023-03-02,2023-03-02 08:50:53
India,Kolhapur,Kalamba,Kalamba,18,Week 09-2023,2023-03-02,2023-03-02 08:50:53
India,Kolhapur,Pratibha Nagar,Pratibha Nagar,18,Week 09-2023,2023-03-02,2023-03-02 08:50:53
India,Kolhapur,Ratnappa Kumbhar Nagar,Ratnappa Kumbhar Nagar,17,Week 09-2023,2023-03-02,2023-03-02 08:50:53
India,Kolhapur,Deokar Panand,Deokar Panand,14,Week 09-2023,2023-03-02,2023-03-02 08:50:53
India,Kolhapur,Salokhe Nagar,Salokhe Nagar,10,Week 09-2023,2023-03-02,2023-03-02 08:50:53
India,Kolhapur,Phulewadi,Phulewadi,8,Week 09-2023,2023-03-02,2023-03-02 08:50:53
India,Kolhapur,Line Bazaar,Line Bazaar,6,Week 09-2023,2023-03-02,2023-03-02 08:50:53
India,Kolhapur,Shahu Market Yard,Shahu Market Yard,5,Week 09-2023,2023-03-02,2023-03-02 08:50:53
India,Kolhapur,Tapowan,Tapowan,5,Week 09-2023,2023-03-02,2023-03-02 08:50:53
India,Patiala,Model Town,Model Town,158,Week 09-2023,2023-03-02,2023-03-02 08:50:53
India,Patiala,Urban Estate,Urban Estate,114,Week 09-2023,2023-03-02,2023-03-02 08:50:53
India,Patiala,Lahori Gate,Lahori Gate,90,Week 09-2023,2023-03-02,2023-03-02 08:50:53
India,Patiala,Tripuri,Tripuri,83,Week 09-2023,2023-03-02,2023-03-02 08:50:53
India,Patiala,Nabha,Nabha,63,Week 09-2023,2023-03-02,2023-03-02 08:50:53
India,Patiala,Adalat Bazaar,Adalat Bazaar,52,Week 09-2023,2023-03-02,2023-03-02 08:50:53
India,Patiala,Prem Nagar,Prem Nagar,37,Week 09-2023,2023-03-02,2023-03-02 08:50:53
India,Patiala,New Officers Colony,New Officers Colony,37,Week 09-2023,2023-03-02,2023-03-02 08:50:53
India,Patiala,Nabha Gate,Nabha Gate,34,Week 09-2023,2023-03-02,2023-03-02 08:50:53
India,Patiala,Abchal Nagar,Abchal Nagar,32,Week 09-2023,2023-03-02,2023-03-02 08:50:53
India,Patiala,Gurbax Colony,Gurbax Colony,22,Week 09-2023,2023-03-02,2023-03-02 08:50:53
India,Patiala,Ranjit Nagar,Ranjit Nagar,13,Week 09-2023,2023-03-02,2023-03-02 08:50:53
India,Patiala,Patiala Cantt,Patiala Cantt,9,Week 09-2023,2023-03-02,2023-03-02 08:50:53
India,Patiala,Sanaur,Sanaur,5,Week 09-2023,2023-03-02,2023-03-02 08:50:53
India,Trichy,Thillai Nagar,Thillai Nagar,158,Week 09-2023,2023-03-02,2023-03-02 08:50:53
India,Trichy,Cantonment,Cantonment,134,Week 09-2023,2023-03-02,2023-03-02 08:50:53
India,Trichy,Kk Nagar,Kk Nagar,99,Week 09-2023,2023-03-02,2023-03-02 08:50:53
India,Trichy,Kattur,Kattur,88,Week 09-2023,2023-03-02,2023-03-02 08:50:53
India,Trichy,Woraiyur,Woraiyur,85,Week 09-2023,2023-03-02,2023-03-02 08:50:53
India,Trichy,Main Guard Gate,Main Guard Gate,80,Week 09-2023,2023-03-02,2023-03-02 08:50:53
India,Trichy,Srirangam,Srirangam,72,Week 09-2023,2023-03-02,2023-03-02 08:50:53
India,Trichy,Tvs Tolgate,Tvs Tolgate,40,Week 09-2023,2023-03-02,2023-03-02 08:50:53
India,Trichy,Allithurai,Allithurai,21,Week 09-2023,2023-03-02,2023-03-02 08:50:53
India,Trichy,Karumandapam,Karumandapam,20,Week 09-2023,2023-03-02,2023-03-02 08:50:53
India,Trichy,Ariyamangalam Area,Ariyamangalam Area,10,Week 09-2023,2023-03-02,2023-03-02 08:50:53
India,Trichy,Kamaraj Nagar,Kamaraj Nagar,8,Week 09-2023,2023-03-02,2023-03-02 08:50:53
India,Salem,Alagapuram Pudur,Alagapuram Pudur,218,Week 09-2023,2023-03-02,2023-03-02 08:50:53
India,Salem,Suramangalam,Suramangalam,105,Week 09-2023,2023-03-02,2023-03-02 08:50:53
India,Salem,Shevapet,Shevapet,65,Week 09-2023,2023-03-02,2023-03-02 08:50:53
India,Salem,Rasipuram,Rasipuram,42,Week 09-2023,2023-03-02,2023-03-02 08:50:53
India,Salem,Narasothipatti,Narasothipatti,40,Week 09-2023,2023-03-02,2023-03-02 08:50:53
India,Salem,Gugai,Gugai,39,Week 09-2023,2023-03-02,2023-03-02 08:50:53
India,Salem,Ammapet,Ammapet,33,Week 09-2023,2023-03-02,2023-03-02 08:50:53
India,Salem,Seelanaickenpatti,Seelanaickenpatti,24,Week 09-2023,2023-03-02,2023-03-02 08:50:53
India,Salem,Kitchipalayam,Kitchipalayam,21,Week 09-2023,2023-03-02,2023-03-02 08:50:53
India,Salem,Periyakollappatty,Periyakollappatty,17,Week 09-2023,2023-03-02,2023-03-02 08:50:53
India,Salem,Ariyanur,Ariyanur,17,Week 09-2023,2023-03-02,2023-03-02 08:50:53
India,Salem,Kondalampatti,Kondalampatti,14,Week 09-2023,2023-03-02,2023-03-02 08:50:53
India,Salem,Gorimedu,Gorimedu,12,Week 09-2023,2023-03-02,2023-03-02 08:50:53
India,Salem,Kannankurichi,Kannankurichi,10,Week 09-2023,2023-03-02,2023-03-02 08:50:53
India,Salem,Vellakalpatti,Vellakalpatti,6,Week 09-2023,2023-03-02,2023-03-02 08:50:53
India,Vellore,Katpadi,Katpadi,103,Week 09-2023,2023-03-02,2023-03-02 08:50:53
India,Vellore,Ranipet,Ranipet,72,Week 09-2023,2023-03-02,2023-03-02 08:50:53
India,Vellore,Thottapalayam,Thottapalayam,59,Week 09-2023,2023-03-02,2023-03-02 08:50:53
India,Vellore,Kosapet,Kosapet,56,Week 09-2023,2023-03-02,2023-03-02 08:50:53
India,Vellore,Gandhi Nagar,Gandhi Nagar,54,Week 09-2023,2023-03-02,2023-03-02 08:50:53
India,Vellore,Saidapet,Saidapet,30,Week 09-2023,2023-03-02,2023-03-02 08:50:53
India,Vellore,Sathuvachari,Sathuvachari,24,Week 09-2023,2023-03-02,2023-03-02 08:50:53
India,Vellore,Rv Nagar,Rv Nagar,12,Week 09-2023,2023-03-02,2023-03-02 08:50:53
India,Vellore,Bagayam,Bagayam,11,Week 09-2023,2023-03-02,2023-03-02 08:50:53
India,Vellore,Rn Palayam,Rn Palayam,10,Week 09-2023,2023-03-02,2023-03-02 08:50:53
India,Vellore,Thorapadi,Thorapadi,10,Week 09-2023,2023-03-02,2023-03-02 08:50:53
India,Meerut,Meerut Cantt,Meerut Cantt,303,Week 09-2023,2023-03-02,2023-03-02 08:50:53
India,Meerut,Shastri Nagar,Shastri Nagar,297,Week 09-2023,2023-03-02,2023-03-02 08:50:53
India,Meerut,Pallavpuram,Pallavpuram,146,Week 09-2023,2023-03-02,2023-03-02 08:50:53
India,Meerut,Devpuri,Devpuri,117,Week 09-2023,2023-03-02,2023-03-02 08:50:53
India,Meerut,Partapur,Partapur,114,Week 09-2023,2023-03-02,2023-03-02 08:50:53
India,Meerut,Madhavpuram,Madhavpuram,103,Week 09-2023,2023-03-02,2023-03-02 08:50:53
India,Meerut,Mohkam Pur,Mohkam Pur,87,Week 09-2023,2023-03-02,2023-03-02 08:50:53
India,Meerut,Sadar Bazaar,Sadar Bazaar,84,Week 09-2023,2023-03-02,2023-03-02 08:50:53
India,Meerut,Ganga Nagar,Ganga Nagar,80,Week 09-2023,2023-03-02,2023-03-02 08:50:53
India,Meerut,Mohan Puri,Mohan Puri,76,Week 09-2023,2023-03-02,2023-03-02 08:50:53
India,Meerut,Fazalpur,Fazalpur,52,Week 09-2023,2023-03-02,2023-03-02 08:50:53
India,Meerut,Sofipur,Sofipur,33,Week 09-2023,2023-03-02,2023-03-02 08:50:53
India,Meerut,Thapar Nagar,Thapar Nagar,21,Week 09-2023,2023-03-02,2023-03-02 08:50:53
India,Meerut,Mda,Mda,18,Week 09-2023,2023-03-02,2023-03-02 08:50:53
India,Meerut,Subhash Nagar,Subhash Nagar,11,Week 09-2023,2023-03-02,2023-03-02 08:50:53
India,Meerut,Lohia Nagar,Lohia Nagar,10,Week 09-2023,2023-03-02,2023-03-02 08:50:53
India,Nainital,Sherwani,Sherwani,139,Week 09-2023,2023-03-02,2023-03-02 08:50:53
India,Nainital,Mall Road,Mall Road,67,Week 09-2023,2023-03-02,2023-03-02 08:50:53
India,Nainital,Tallital,Tallital,42,Week 09-2023,2023-03-02,2023-03-02 08:50:53
India,Nainital,Ayarpatta,Ayarpatta,17,Week 09-2023,2023-03-02,2023-03-02 08:50:53
India,Siliguri,Pradhan Nagar,Pradhan Nagar,217,Week 09-2023,2023-03-02,2023-03-02 08:50:53
India,Siliguri,Khalpara,Khalpara,211,Week 09-2023,2023-03-02,2023-03-02 08:50:53
India,Siliguri,Bankim Nagar,Bankim Nagar,188,Week 09-2023,2023-03-02,2023-03-02 08:50:53
India,Siliguri,Janta Nagar,Janta Nagar,146,Week 09-2023,2023-03-02,2023-03-02 08:50:53
India,Siliguri,Patiram Jote,Patiram Jote,127,Week 09-2023,2023-03-02,2023-03-02 08:50:53
India,Siliguri,Subhas Pally,Subhas Pally,74,Week 09-2023,2023-03-02,2023-03-02 08:50:53
India,Siliguri,Champasari,Champasari,50,Week 09-2023,2023-03-02,2023-03-02 08:50:53
India,Siliguri,Haidar Para,Haidar Para,39,Week 09-2023,2023-03-02,2023-03-02 08:50:53
India,Siliguri,Saktigarh,Saktigarh,32,Week 09-2023,2023-03-02,2023-03-02 08:50:53
India,Siliguri,Nayapara,Nayapara,31,Week 09-2023,2023-03-02,2023-03-02 08:50:53
India,Siliguri,Dabgram,Dabgram,26,Week 09-2023,2023-03-02,2023-03-02 08:50:53
India,Siliguri,Ghogomali,Ghogomali,11,Week 09-2023,2023-03-02,2023-03-02 08:50:53
India,Itanagar,E Sector,E Sector,24,Week 09-2023,2023-03-02,2023-03-02 08:50:53
India,Itanagar,C Sector,C Sector,6,Week 09-2023,2023-03-02,2023-03-02 08:50:53
India,Bilaspur,Telipara,Telipara,127,Week 09-2023,2023-03-02,2023-03-02 08:50:53
India,Bilaspur,Narmada Nagar,Narmada Nagar,66,Week 09-2023,2023-03-02,2023-03-02 08:50:53
India,Bilaspur,Agyay Nagar,Agyay Nagar,48,Week 09-2023,2023-03-02,2023-03-02 08:50:53
India,Bilaspur,Sarkanda,Sarkanda,43,Week 09-2023,2023-03-02,2023-03-02 08:50:53
India,Bilaspur,Tikrapara,Tikrapara,39,Week 09-2023,2023-03-02,2023-03-02 08:50:53
India,Bilaspur,Masanganj,Masanganj,35,Week 09-2023,2023-03-02,2023-03-02 08:50:53
India,Bilaspur,Rajkishor Nagar,Rajkishor Nagar,31,Week 09-2023,2023-03-02,2023-03-02 08:50:53
India,Bilaspur,Tifra,Tifra,19,Week 09-2023,2023-03-02,2023-03-02 08:50:53
India,Bilaspur,Gole Bazaar,Gole Bazaar,19,Week 09-2023,2023-03-02,2023-03-02 08:50:53
India,Bilaspur,Tarbahar Chowk,Tarbahar Chowk,19,Week 09-2023,2023-03-02,2023-03-02 08:50:53
India,Bilaspur,Jarahbhata,Jarahbhata,14,Week 09-2023,2023-03-02,2023-03-02 08:50:53
India,Bilaspur,Lingiadih,Lingiadih,6,Week 09-2023,2023-03-02,2023-03-02 08:50:53
India,Darjeeling,Chauk Bazaar,Chauk Bazaar,67,Week 09-2023,2023-03-02,2023-03-02 08:50:53
India,Darjeeling,Limbugaon,Limbugaon,12,Week 09-2023,2023-03-02,2023-03-02 08:50:53
India,Darjeeling,Lebong,Lebong,5,Week 09-2023,2023-03-02,2023-03-02 08:50:53
India,Tirupati,Tirumala,Tirumala,140,Week 09-2023,2023-03-02,2023-03-02 08:50:53
India,Tirupati,Tata Nagar,Tata Nagar,93,Week 09-2023,2023-03-02,2023-03-02 08:50:53
India,Tirupati,Korlagunta,Korlagunta,38,Week 09-2023,2023-03-02,2023-03-02 08:50:53
India,Tirupati,Srinivasa Nagar,Srinivasa Nagar,31,Week 09-2023,2023-03-02,2023-03-02 08:50:53
India,Tirupati,Sri Padmavati Mahila...,Sri Padmavati Mahila...,20,Week 09-2023,2023-03-02,2023-03-02 08:50:53
India,Tirupati,Mangalam,Mangalam,19,Week 09-2023,2023-03-02,2023-03-02 08:50:53
India,Tirupati,Korramenugunta,Korramenugunta,18,Week 09-2023,2023-03-02,2023-03-02 08:50:53
India,Tirupati,Vidyut Nagar,Vidyut Nagar,14,Week 09-2023,2023-03-02,2023-03-02 08:50:53
India,Tirupati,Tiruchanur,Tiruchanur,10,Week 09-2023,2023-03-02,2023-03-02 08:50:53
India,Junagadh,Talav Gate,Talav Gate,48,Week 09-2023,2023-03-02,2023-03-02 08:50:53
India,Junagadh,Moti Palace Township,Moti Palace Township,36,Week 09-2023,2023-03-02,2023-03-02 08:50:53
India,Junagadh,Monalisa Township,Monalisa Township,28,Week 09-2023,2023-03-02,2023-03-02 08:50:53
India,Junagadh,Dolatpara,Dolatpara,11,Week 09-2023,2023-03-02,2023-03-02 08:50:53
India,Junagadh,Joshipura,Joshipura,9,Week 09-2023,2023-03-02,2023-03-02 08:50:53
India,Junagadh,Shashikunj,Shashikunj,9,Week 09-2023,2023-03-02,2023-03-02 08:50:53
India,Junagadh,Mullawada,Mullawada,8,Week 09-2023,2023-03-02,2023-03-02 08:50:53
India,Junagadh,Adarsh Nagar,Adarsh Nagar,6,Week 09-2023,2023-03-02,2023-03-02 08:50:53
India,Junagadh,Gandhi Gram,Gandhi Gram,5,Week 09-2023,2023-03-02,2023-03-02 08:50:53
India,Jamnagar,Patel Colony,Patel Colony,139,Week 09-2023,2023-03-02,2023-03-02 08:50:53
India,Jamnagar,Khodiyar Colony,Khodiyar Colony,78,Week 09-2023,2023-03-02,2023-03-02 08:50:53
India,Jamnagar,Jamnagar,Jamnagar,74,Week 09-2023,2023-03-02,2023-03-02 08:50:53
India,Jamnagar,Green City,Green City,48,Week 09-2023,2023-03-02,2023-03-02 08:50:53
India,Jamnagar,Satyam Colony,Satyam Colony,44,Week 09-2023,2023-03-02,2023-03-02 08:50:53
India,Jamnagar,Defence Colony,Defence Colony,14,Week 09-2023,2023-03-02,2023-03-02 08:50:53
India,Jamnagar,Gulab Nagar,Gulab Nagar,7,Week 09-2023,2023-03-02,2023-03-02 08:50:53
India,Puri,Dolamandap Sahi,Dolamandap Sahi,65,Week 09-2023,2023-03-02,2023-03-02 08:50:53
India,Puri,Baliapanda Housing Board Colony,Baliapanda Housing Board Colony,60,Week 09-2023,2023-03-02,2023-03-02 08:50:53
India,Puri,Penthakata,Penthakata,50,Week 09-2023,2023-03-02,2023-03-02 08:50:53
India,Puri,Balagandi,Balagandi,43,Week 09-2023,2023-03-02,2023-03-02 08:50:53
India,Puri,Purussottam Nagar,Purussottam Nagar,41,Week 09-2023,2023-03-02,2023-03-02 08:50:53
India,Puri,Badasankha,Badasankha,27,Week 09-2023,2023-03-02,2023-03-02 08:50:53
India,Kodaikanal,Kodaikanal Lake,Kodaikanal Lake,32,Week 09-2023,2023-03-02,2023-03-02 08:50:53
India,Kodaikanal,Annanagar,Annanagar,7,Week 09-2023,2023-03-02,2023-03-02 08:50:53
India,Jaisalmer,Amar Sagar Pol,Amar Sagar Pol,49,Week 09-2023,2023-03-02,2023-03-02 08:50:53
India,Jaisalmer,Ram Kund,Ram Kund,9,Week 09-2023,2023-03-02,2023-03-02 08:50:53
India,Jaisalmer,Malka Pol,Malka Pol,6,Week 09-2023,2023-03-02,2023-03-02 08:50:53
India,Ujjain,Pawapuri Colony,Pawapuri Colony,190,Week 09-2023,2023-03-02,2023-03-02 08:50:53
India,Ujjain,Malipura,Malipura,43,Week 09-2023,2023-03-02,2023-03-02 08:50:53
India,Ujjain,Sethi Nagar,Sethi Nagar,42,Week 09-2023,2023-03-02,2023-03-02 08:50:53
India,Ujjain,Rishi Nagar,Rishi Nagar,36,Week 09-2023,2023-03-02,2023-03-02 08:50:53
India,Ujjain,Mahanada Nagar,Mahanada Nagar,18,Week 09-2023,2023-03-02,2023-03-02 08:50:53
India,Ujjain,Jabsinghpura,Jabsinghpura,11,Week 09-2023,2023-03-02,2023-03-02 08:50:53
India,Ujjain,Sirsagar,Sirsagar,11,Week 09-2023,2023-03-02,2023-03-02 08:50:53
India,Ujjain,Kajipura,Kajipura,5,Week 09-2023,2023-03-02,2023-03-02 08:50:53
India,Shirdi,Sai Nagar,Sai Nagar,107,Week 09-2023,2023-03-02,2023-03-02 08:50:53
India,Shirdi,Shiv Nagar,Shiv Nagar,21,Week 09-2023,2023-03-02,2023-03-02 08:50:53
India,Shirdi,Govind Nagar,Govind Nagar,19,Week 09-2023,2023-03-02,2023-03-02 08:50:53
India,Shirdi,Sita Nagar,Sita Nagar,6,Week 09-2023,2023-03-02,2023-03-02 08:50:53
India,Palakkad,Vidyut Nagar,Vidyut Nagar,83,Week 09-2023,2023-03-02,2023-03-02 08:50:53
India,Palakkad,Nurani,Nurani,18,Week 09-2023,2023-03-02,2023-03-02 08:50:53
India,Palakkad,Kalmandapam,Kalmandapam,18,Week 09-2023,2023-03-02,2023-03-02 08:50:53
India,Palakkad,Olavakode,Olavakode,16,Week 09-2023,2023-03-02,2023-03-02 08:50:53
India,Palakkad,Tippusulthan Nagar,Tippusulthan Nagar,14,Week 09-2023,2023-03-02,2023-03-02 08:50:53
India,Palakkad,Puthuppariyaram,Puthuppariyaram,9,Week 09-2023,2023-03-02,2023-03-02 08:50:53
India,Palakkad,Chandranagar Colony,Chandranagar Colony,8,Week 09-2023,2023-03-02,2023-03-02 08:50:53
India,Palakkad,Thirunellayi,Thirunellayi,6,Week 09-2023,2023-03-02,2023-03-02 08:50:53
India,Palakkad,Kanjikode,Kanjikode,5,Week 09-2023,2023-03-02,2023-03-02 08:50:53
India,Gorakhpur,Golghar,Golghar,156,Week 09-2023,2023-03-02,2023-03-02 08:50:53
India,Gorakhpur,Azad Nagar,Azad Nagar,62,Week 09-2023,2023-03-02,2023-03-02 08:50:53
India,Gorakhpur,Kunraghat,Kunraghat,55,Week 09-2023,2023-03-02,2023-03-02 08:50:53
India,Gorakhpur,Shahpur,Shahpur,51,Week 09-2023,2023-03-02,2023-03-02 08:50:53
India,Gorakhpur,Betiahata,Betiahata,42,Week 09-2023,2023-03-02,2023-03-02 08:50:53
India,Gorakhpur,Rajendra Nagar,Rajendra Nagar,39,Week 09-2023,2023-03-02,2023-03-02 08:50:53
India,Gorakhpur,Mughala,Mughala,34,Week 09-2023,2023-03-02,2023-03-02 08:50:53
India,Gorakhpur,Kawwa Bagh Colony,Kawwa Bagh Colony,33,Week 09-2023,2023-03-02,2023-03-02 08:50:53
India,Gorakhpur,Miyan Baza,Miyan Baza,32,Week 09-2023,2023-03-02,2023-03-02 08:50:53
India,Gorakhpur,Ramjanki Nagar,Ramjanki Nagar,30,Week 09-2023,2023-03-02,2023-03-02 08:50:53
India,Gorakhpur,Hussain Nagar,Hussain Nagar,24,Week 09-2023,2023-03-02,2023-03-02 08:50:53
India,Gorakhpur,Basantpur,Basantpur,23,Week 09-2023,2023-03-02,2023-03-02 08:50:53
India,Gorakhpur,Bade Kajipur,Bade Kajipur,20,Week 09-2023,2023-03-02,2023-03-02 08:50:53
India,Gorakhpur,Shakti Nagar Colony,Shakti Nagar Colony,19,Week 09-2023,2023-03-02,2023-03-02 08:50:53
India,Gorakhpur,Nanda Nagar,Nanda Nagar,19,Week 09-2023,2023-03-02,2023-03-02 08:50:53
India,Gorakhpur,Jatepur,Jatepur,17,Week 09-2023,2023-03-02,2023-03-02 08:50:53
India,Gorakhpur,Rapti Nagar Phase 4,Rapti Nagar Phase 4,14,Week 09-2023,2023-03-02,2023-03-02 08:50:53
India,Gorakhpur,Moharipur,Moharipur,13,Week 09-2023,2023-03-02,2023-03-02 08:50:53
India,Gorakhpur,Phase 3Rd,Phase 3Rd,12,Week 09-2023,2023-03-02,2023-03-02 08:50:53
India,Gorakhpur,Mirzapur Pachpedwa,Mirzapur Pachpedwa,12,Week 09-2023,2023-03-02,2023-03-02 08:50:53
India,Gorakhpur,Ilahi Bagh,Ilahi Bagh,11,Week 09-2023,2023-03-02,2023-03-02 08:50:53
India,Gorakhpur,Bichhiya,Bichhiya,10,Week 09-2023,2023-03-02,2023-03-02 08:50:53
India,Gorakhpur,Shatabdipuram,Shatabdipuram,10,Week 09-2023,2023-03-02,2023-03-02 08:50:53
India,Gorakhpur,North Humayunpur,North Humayunpur,7,Week 09-2023,2023-03-02,2023-03-02 08:50:53
India,Gorakhpur,Vikas Nagar,Vikas Nagar,7,Week 09-2023,2023-03-02,2023-03-02 08:50:53
India,Raipur,Civil Lines,Civil Lines,302,Week 09-2023,2023-03-02,2023-03-02 08:50:53
India,Raipur,Shankar Nagar,Shankar Nagar,222,Week 09-2023,2023-03-02,2023-03-02 08:50:53
India,Raipur,Moudhapara,Moudhapara,177,Week 09-2023,2023-03-02,2023-03-02 08:50:53
India,Raipur,Mahaveer Nagar,Mahaveer Nagar,134,Week 09-2023,2023-03-02,2023-03-02 08:50:53
India,Raipur,Devendra Nagar,Devendra Nagar,133,Week 09-2023,2023-03-02,2023-03-02 08:50:53
India,Raipur,Purena,Purena,109,Week 09-2023,2023-03-02,2023-03-02 08:50:53
India,Raipur,Samta Colony,Samta Colony,108,Week 09-2023,2023-03-02,2023-03-02 08:50:53
India,Raipur,Mowa,Mowa,81,Week 09-2023,2023-03-02,2023-03-02 08:50:53
India,Raipur,Jawahar Nagar,Jawahar Nagar,73,Week 09-2023,2023-03-02,2023-03-02 08:50:53
India,Raipur,Amanaka,Amanaka,71,Week 09-2023,2023-03-02,2023-03-02 08:50:53
India,Raipur,Tatibandh,Tatibandh,71,Week 09-2023,2023-03-02,2023-03-02 08:50:53
India,Raipur,Changurabhata,Changurabhata,49,Week 09-2023,2023-03-02,2023-03-02 08:50:53
India,Raipur,Deopuri,Deopuri,44,Week 09-2023,2023-03-02,2023-03-02 08:50:53
India,Raipur,Kota,Kota,39,Week 09-2023,2023-03-02,2023-03-02 08:50:53
India,Raipur,Lakhe Nagar,Lakhe Nagar,35,Week 09-2023,2023-03-02,2023-03-02 08:50:53
India,Raipur,Bhatagaon,Bhatagaon,33,Week 09-2023,2023-03-02,2023-03-02 08:50:53
India,Raipur,Mathpurena,Mathpurena,30,Week 09-2023,2023-03-02,2023-03-02 08:50:53
India,Raipur,Govind Nagar,Govind Nagar,29,Week 09-2023,2023-03-02,2023-03-02 08:50:53
India,Raipur,Bhanpuri,Bhanpuri,27,Week 09-2023,2023-03-02,2023-03-02 08:50:53
India,Raipur,Shrinagar,Shrinagar,27,Week 09-2023,2023-03-02,2023-03-02 08:50:53
India,Raipur,Tikrapara,Tikrapara,26,Week 09-2023,2023-03-02,2023-03-02 08:50:53
India,Raipur,Boriyakhurd,Boriyakhurd,21,Week 09-2023,2023-03-02,2023-03-02 08:50:53
India,Raipur,Patel Para,Patel Para,8,Week 09-2023,2023-03-02,2023-03-02 08:50:53
India,Raipur,Gogaon,Gogaon,7,Week 09-2023,2023-03-02,2023-03-02 08:50:53
India,Dharamshala,Mcleodganj,Mcleodganj,112,Week 09-2023,2023-03-02,2023-03-02 08:50:53
India,Dharamshala,Chilgari,Chilgari,81,Week 09-2023,2023-03-02,2023-03-02 08:50:53
India,Dharamshala,Ram Nagar,Ram Nagar,48,Week 09-2023,2023-03-02,2023-03-02 08:50:53
India,Dharamshala,Shyam Nagar,Shyam Nagar,31,Week 09-2023,2023-03-02,2023-03-02 08:50:53
India,Dharamshala,Gamru,Gamru,10,Week 09-2023,2023-03-02,2023-03-02 08:50:53
India,Dharamshala,Loharkadi,Loharkadi,7,Week 09-2023,2023-03-02,2023-03-02 08:50:53
India,Manali,Aleo,Aleo,105,Week 09-2023,2023-03-02,2023-03-02 08:50:53
India,Manali,Old Manali,Old Manali,99,Week 09-2023,2023-03-02,2023-03-02 08:50:53
India,Manali,Kullu,Kullu,80,Week 09-2023,2023-03-02,2023-03-02 08:50:53
India,Manali,Tibetan Colony,Tibetan Colony,57,Week 09-2023,2023-03-02,2023-03-02 08:50:53
India,Jammu,Gandhi Nagar,Gandhi Nagar,105,Week 09-2023,2023-03-02,2023-03-02 08:50:53
India,Jammu,Channi Himmat,Channi Himmat,101,Week 09-2023,2023-03-02,2023-03-02 08:50:53
India,Jammu,Trikuta Nagar,Trikuta Nagar,84,Week 09-2023,2023-03-02,2023-03-02 08:50:53
India,Jammu,Old Heritage City,Old Heritage City,78,Week 09-2023,2023-03-02,2023-03-02 08:50:53
India,Jammu,Rehari Colony,Rehari Colony,77,Week 09-2023,2023-03-02,2023-03-02 08:50:53
India,Jammu,Shiv Nagar,Shiv Nagar,58,Week 09-2023,2023-03-02,2023-03-02 08:50:53
India,Jammu,Marble Market Area,Marble Market Area,53,Week 09-2023,2023-03-02,2023-03-02 08:50:53
India,Jammu,Transport Nagar,Transport Nagar,51,Week 09-2023,2023-03-02,2023-03-02 08:50:53
India,Jammu,Shastri Nagar,Shastri Nagar,49,Week 09-2023,2023-03-02,2023-03-02 08:50:53
India,Jammu,Resham Ghar Colony,Resham Ghar Colony,46,Week 09-2023,2023-03-02,2023-03-02 08:50:53
India,Jammu,Barnai,Barnai,46,Week 09-2023,2023-03-02,2023-03-02 08:50:53
India,Jammu,Nanak Nagar,Nanak Nagar,39,Week 09-2023,2023-03-02,2023-03-02 08:50:53
India,Jammu,Sidco Complex,Sidco Complex,36,Week 09-2023,2023-03-02,2023-03-02 08:50:53
India,Jammu,Hari Market,Hari Market,33,Week 09-2023,2023-03-02,2023-03-02 08:50:53
India,Jammu,Patoli,Patoli,27,Week 09-2023,2023-03-02,2023-03-02 08:50:53
India,Jammu,Preet Nagar,Preet Nagar,26,Week 09-2023,2023-03-02,2023-03-02 08:50:53
India,Jammu,Raghunath Bazaar,Raghunath Bazaar,24,Week 09-2023,2023-03-02,2023-03-02 08:50:53
India,Jammu,Katra,Katra,24,Week 09-2023,2023-03-02,2023-03-02 08:50:53
India,Jammu,Lal Kuan,Lal Kuan,21,Week 09-2023,2023-03-02,2023-03-02 08:50:53
India,Jammu,Karan Nagar,Karan Nagar,17,Week 09-2023,2023-03-02,2023-03-02 08:50:53
India,Jammu,Maheshpura,Maheshpura,14,Week 09-2023,2023-03-02,2023-03-02 08:50:53
India,Jalandhar,Shastri Nagar,Shastri Nagar,199,Week 09-2023,2023-03-02,2023-03-02 08:50:53
India,Jalandhar,Adarsh Nagar,Adarsh Nagar,147,Week 09-2023,2023-03-02,2023-03-02 08:50:53
India,Jalandhar,Model Town,Model Town,126,Week 09-2023,2023-03-02,2023-03-02 08:50:53
India,Jalandhar,Urban Estate,Urban Estate,104,Week 09-2023,2023-03-02,2023-03-02 08:50:53
India,Jalandhar,Gt Road,Gt Road,93,Week 09-2023,2023-03-02,2023-03-02 08:50:53
India,Jalandhar,Rama Mandi,Rama Mandi,85,Week 09-2023,2023-03-02,2023-03-02 08:50:53
India,Jalandhar,Ppr Market,Ppr Market,60,Week 09-2023,2023-03-02,2023-03-02 08:50:53
India,Jalandhar,Jalandhar Cantt,Jalandhar Cantt,51,Week 09-2023,2023-03-02,2023-03-02 08:50:53
India,Jalandhar,Model House,Model House,41,Week 09-2023,2023-03-02,2023-03-02 08:50:53
India,Jalandhar,Nakodar Road,Nakodar Road,38,Week 09-2023,2023-03-02,2023-03-02 08:50:53
India,Jalandhar,Maqsudan,Maqsudan,37,Week 09-2023,2023-03-02,2023-03-02 08:50:53
India,Jalandhar,Transport Nagar,Transport Nagar,23,Week 09-2023,2023-03-02,2023-03-02 08:50:53
India,Jalandhar,Katarpur,Katarpur,12,Week 09-2023,2023-03-02,2023-03-02 08:50:53
India,Rishikesh,Tapovan,Tapovan,184,Week 09-2023,2023-03-02,2023-03-02 08:50:53
India,Rishikesh,Manvendera Nagar,Manvendera Nagar,114,Week 09-2023,2023-03-02,2023-03-02 08:50:53
India,Rishikesh,Swarg Ashram,Swarg Ashram,28,Week 09-2023,2023-03-02,2023-03-02 08:50:53
India,Rishikesh,Idpl Colony,Idpl Colony,22,Week 09-2023,2023-03-02,2023-03-02 08:50:53
India,Rishikesh,Dhalwala,Dhalwala,19,Week 09-2023,2023-03-02,2023-03-02 08:50:53
India,Rishikesh,Labor Colony,Labor Colony,15,Week 09-2023,2023-03-02,2023-03-02 08:50:53
India,Rishikesh,Shyampur,Shyampur,13,Week 09-2023,2023-03-02,2023-03-02 08:50:53
India,Rishikesh,Gumaniwala,Gumaniwala,10,Week 09-2023,2023-03-02,2023-03-02 08:50:53
India,Mussoorie,The Mall Road,The Mall Road,114,Week 09-2023,2023-03-02,2023-03-02 08:50:53
India,Mussoorie,Landour,Landour,28,Week 09-2023,2023-03-02,2023-03-02 08:50:53
India,Mussoorie,Library Road,Library Road,10,Week 09-2023,2023-03-02,2023-03-02 08:50:53
India,Mussoorie,Kempty Fall Road,Kempty Fall Road,9,Week 09-2023,2023-03-02,2023-03-02 08:50:53
India,Mussoorie,Barlow Ganj,Barlow Ganj,8,Week 09-2023,2023-03-02,2023-03-02 08:50:53
India,Ajmer,Pal Bhichala,Pal Bhichala,167,Week 09-2023,2023-03-02,2023-03-02 08:50:53
India,Ajmer,Ana Sagar Lake,Ana Sagar Lake,158,Week 09-2023,2023-03-02,2023-03-02 08:50:53
India,Ajmer,Kotra,Kotra,86,Week 09-2023,2023-03-02,2023-03-02 08:50:53
India,Ajmer,Panchsheel Nagar,Panchsheel Nagar,78,Week 09-2023,2023-03-02,2023-03-02 08:50:53
India,Ajmer,Railway Quarters,Railway Quarters,56,Week 09-2023,2023-03-02,2023-03-02 08:50:53
India,Ajmer,Police Lines,Police Lines,44,Week 09-2023,2023-03-02,2023-03-02 08:50:53
India,Ajmer,Gaddi Malian,Gaddi Malian,38,Week 09-2023,2023-03-02,2023-03-02 08:50:53
India,Ajmer,Ram Ganj,Ram Ganj,33,Week 09-2023,2023-03-02,2023-03-02 08:50:53
India,Ajmer,Dhola Bhata Colony,Dhola Bhata Colony,22,Week 09-2023,2023-03-02,2023-03-02 08:50:53
India,Ajmer,Kundan Nagar,Kundan Nagar,18,Week 09-2023,2023-03-02,2023-03-02 08:50:53
India,Ajmer,Adarsh Nagar,Adarsh Nagar,13,Week 09-2023,2023-03-02,2023-03-02 08:50:53
India,Ajmer,Hathi Khera,Hathi Khera,9,Week 09-2023,2023-03-02,2023-03-02 08:50:53
India,Kota,Talwandi,Talwandi,262,Week 09-2023,2023-03-02,2023-03-02 08:50:53
India,Kota,Ladpura,Ladpura,134,Week 09-2023,2023-03-02,2023-03-02 08:50:53
India,Kota,Chawani,Chawani,114,Week 09-2023,2023-03-02,2023-03-02 08:50:53
India,Kota,Indraprastha Industrial Area,Indraprastha Industrial Area,76,Week 09-2023,2023-03-02,2023-03-02 08:50:53
India,Kota,Dhanmandi,Dhanmandi,71,Week 09-2023,2023-03-02,2023-03-02 08:50:53
India,Kota,Rangbari,Rangbari,70,Week 09-2023,2023-03-02,2023-03-02 08:50:53
India,Kota,Civil Lines,Civil Lines,62,Week 09-2023,2023-03-02,2023-03-02 08:50:53
India,Kota,Kota Industrial Area,Kota Industrial Area,44,Week 09-2023,2023-03-02,2023-03-02 08:50:53
India,Kota,Rk Puram - E,Rk Puram - E,31,Week 09-2023,2023-03-02,2023-03-02 08:50:53
India,Kota,Dadabari,Dadabari,20,Week 09-2023,2023-03-02,2023-03-02 08:50:53
India,Kota,Rps Colony,Rps Colony,15,Week 09-2023,2023-03-02,2023-03-02 08:50:53
India,Jodhpur,Sardarpura,Sardarpura,248,Week 09-2023,2023-03-02,2023-03-02 08:50:53
India,Jodhpur,Chopasni Housing Board,Chopasni Housing Board,184,Week 09-2023,2023-03-02,2023-03-02 08:50:53
India,Jodhpur,Ratanada,Ratanada,153,Week 09-2023,2023-03-02,2023-03-02 08:50:53
India,Jodhpur,Paota,Paota,152,Week 09-2023,2023-03-02,2023-03-02 08:50:53
India,Jodhpur,Basni,Basni,150,Week 09-2023,2023-03-02,2023-03-02 08:50:53
India,Jodhpur,Shastri Nagar,Shastri Nagar,129,Week 09-2023,2023-03-02,2023-03-02 08:50:53
India,Jodhpur,Rawaton Ka Bass,Rawaton Ka Bass,74,Week 09-2023,2023-03-02,2023-03-02 08:50:53
India,Jodhpur,Mandore,Mandore,51,Week 09-2023,2023-03-02,2023-03-02 08:50:53
India,Jodhpur,Air Force Area,Air Force Area,50,Week 09-2023,2023-03-02,2023-03-02 08:50:53
India,Jodhpur,Pal Gaon,Pal Gaon,50,Week 09-2023,2023-03-02,2023-03-02 08:50:53
India,Jodhpur,Station Road,Station Road,41,Week 09-2023,2023-03-02,2023-03-02 08:50:53
India,Jodhpur,Kabir Nagar,Kabir Nagar,39,Week 09-2023,2023-03-02,2023-03-02 08:50:53
India,Jodhpur,Cantt Area,Cantt Area,38,Week 09-2023,2023-03-02,2023-03-02 08:50:53
India,Jodhpur,1St Pulia,1St Pulia,30,Week 09-2023,2023-03-02,2023-03-02 08:50:53
India,Jodhpur,Sangriya,Sangriya,27,Week 09-2023,2023-03-02,2023-03-02 08:50:53
India,Jodhpur,Maderana Colony,Maderana Colony,23,Week 09-2023,2023-03-02,2023-03-02 08:50:53
India,Jodhpur,Rawat Nagar,Rawat Nagar,19,Week 09-2023,2023-03-02,2023-03-02 08:50:53
India,Jodhpur,Bjs Colony,Bjs Colony,17,Week 09-2023,2023-03-02,2023-03-02 08:50:53
India,Jodhpur,Bhadu Market,Bhadu Market,17,Week 09-2023,2023-03-02,2023-03-02 08:50:53
India,Jodhpur,Prem Nagar,Prem Nagar,14,Week 09-2023,2023-03-02,2023-03-02 08:50:53
India,Jodhpur,Bhagat Ki Kothi,Bhagat Ki Kothi,13,Week 09-2023,2023-03-02,2023-03-02 08:50:53
India,Jodhpur,Soor Sagar,Soor Sagar,8,Week 09-2023,2023-03-02,2023-03-02 08:50:53
India,Vijayawada,Labbipet,Labbipet,236,Week 09-2023,2023-03-02,2023-03-02 08:50:53
India,Vijayawada,Auto Nagar,Auto Nagar,135,Week 09-2023,2023-03-02,2023-03-02 08:50:53
India,Vijayawada,Gurunanak Colony,Gurunanak Colony,113,Week 09-2023,2023-03-02,2023-03-02 08:50:53
India,Vijayawada,Governorpet,Governorpet,105,Week 09-2023,2023-03-02,2023-03-02 08:50:53
India,Vijayawada,Poranki,Poranki,83,Week 09-2023,2023-03-02,2023-03-02 08:50:53
India,Vijayawada,Gollapudi,Gollapudi,65,Week 09-2023,2023-03-02,2023-03-02 08:50:53
India,Vijayawada,Islampet,Islampet,62,Week 09-2023,2023-03-02,2023-03-02 08:50:53
India,Vijayawada,Mangalagiri,Mangalagiri,60,Week 09-2023,2023-03-02,2023-03-02 08:50:53
India,Vijayawada,Tadepalli,Tadepalli,41,Week 09-2023,2023-03-02,2023-03-02 08:50:53
India,Vijayawada,Gandhi Nagar,Gandhi Nagar,38,Week 09-2023,2023-03-02,2023-03-02 08:50:53
India,Vijayawada,Gunadala,Gunadala,32,Week 09-2023,2023-03-02,2023-03-02 08:50:53
India,Vijayawada,Christurajupuram,Christurajupuram,30,Week 09-2023,2023-03-02,2023-03-02 08:50:53
India,Vijayawada,Ramavarappadu,Ramavarappadu,25,Week 09-2023,2023-03-02,2023-03-02 08:50:53
India,Vijayawada,Krishna Lanka,Krishna Lanka,23,Week 09-2023,2023-03-02,2023-03-02 08:50:53
India,Vijayawada,Gannavaram,Gannavaram,22,Week 09-2023,2023-03-02,2023-03-02 08:50:53
India,Vijayawada,Machavaram,Machavaram,17,Week 09-2023,2023-03-02,2023-03-02 08:50:53
India,Vijayawada,Enikepadu,Enikepadu,14,Week 09-2023,2023-03-02,2023-03-02 08:50:53
India,Vijayawada,Pnt Colony,Pnt Colony,13,Week 09-2023,2023-03-02,2023-03-02 08:50:53
India,Vijayawada,Payakapuram,Payakapuram,6,Week 09-2023,2023-03-02,2023-03-02 08:50:53
India,Manipal,Vidyaratna Nagar,Vidyaratna Nagar,80,Week 09-2023,2023-03-02,2023-03-02 08:50:53
India,Manipal,Eshwar Nagar,Eshwar Nagar,77,Week 09-2023,2023-03-02,2023-03-02 08:50:53
India,Manipal,Maruthi Veethika,Maruthi Veethika,38,Week 09-2023,2023-03-02,2023-03-02 08:50:53
India,Manipal,Tiger Circle,Tiger Circle,24,Week 09-2023,2023-03-02,2023-03-02 08:50:53
India,Manipal,Brahmagiri,Brahmagiri,19,Week 09-2023,2023-03-02,2023-03-02 08:50:53
India,Manipal,Kunjibettu,Kunjibettu,18,Week 09-2023,2023-03-02,2023-03-02 08:50:53
India,Manipal,Kinnimulki,Kinnimulki,15,Week 09-2023,2023-03-02,2023-03-02 08:50:53
India,Manipal,Kidiyoor,Kidiyoor,12,Week 09-2023,2023-03-02,2023-03-02 08:50:53
India,Manipal,Shivalli,Shivalli,11,Week 09-2023,2023-03-02,2023-03-02 08:50:53
India,Manipal,Nittur,Nittur,10,Week 09-2023,2023-03-02,2023-03-02 08:50:53
India,Manipal,Saralebettu,Saralebettu,9,Week 09-2023,2023-03-02,2023-03-02 08:50:53
India,Manipal,Dasharath Nagar,Dasharath Nagar,8,Week 09-2023,2023-03-02,2023-03-02 08:50:53
India,Manipal,Pandubettu,Pandubettu,6,Week 09-2023,2023-03-02,2023-03-02 08:50:53
India,Manipal,Doddanagudde,Doddanagudde,5,Week 09-2023,2023-03-02,2023-03-02 08:50:53
India,Thrissur,Poothole,Poothole,169,Week 09-2023,2023-03-02,2023-03-02 08:50:53
India,Thrissur,Kizhakkumpattukara,Kizhakkumpattukara,85,Week 09-2023,2023-03-02,2023-03-02 08:50:53
India,Thrissur,Chalakudy,Chalakudy,68,Week 09-2023,2023-03-02,2023-03-02 08:50:53
India,Thrissur,Guruvayur,Guruvayur,62,Week 09-2023,2023-03-02,2023-03-02 08:50:53
India,Thrissur,Ayyanthole,Ayyanthole,51,Week 09-2023,2023-03-02,2023-03-02 08:50:53
India,Thrissur,Puzhakkal,Puzhakkal,48,Week 09-2023,2023-03-02,2023-03-02 08:50:53
India,Thrissur,Peringavu,Peringavu,44,Week 09-2023,2023-03-02,2023-03-02 08:50:53
India,Thrissur,Irinjalakuda,Irinjalakuda,41,Week 09-2023,2023-03-02,2023-03-02 08:50:53
India,Thrissur,Mannuthy,Mannuthy,30,Week 09-2023,2023-03-02,2023-03-02 08:50:53
India,Thrissur,Ollur,Ollur,21,Week 09-2023,2023-03-02,2023-03-02 08:50:53
India,Thrissur,Koorkencherry,Koorkencherry,20,Week 09-2023,2023-03-02,2023-03-02 08:50:53
India,Thrissur,Kuriachira,Kuriachira,17,Week 09-2023,2023-03-02,2023-03-02 08:50:53
India,Alappuzha,Anantha Narayanapuram,Anantha Narayanapuram,47,Week 09-2023,2023-03-02,2023-03-02 08:50:53
India,Alappuzha,Thathampally,Thathampally,32,Week 09-2023,2023-03-02,2023-03-02 08:50:53
India,Alappuzha,Pazhaveedu,Pazhaveedu,15,Week 09-2023,2023-03-02,2023-03-02 08:50:53
India,Alappuzha,Kommady,Kommady,14,Week 09-2023,2023-03-02,2023-03-02 08:50:53
India,Alappuzha,Punnapra,Punnapra,12,Week 09-2023,2023-03-02,2023-03-02 08:50:53
India,Alappuzha,Kanjiramchira,Kanjiramchira,12,Week 09-2023,2023-03-02,2023-03-02 08:50:53
India,Alappuzha,Pathirappally,Pathirappally,10,Week 09-2023,2023-03-02,2023-03-02 08:50:53
India,Kozhikode,Palayam,Palayam,139,Week 09-2023,2023-03-02,2023-03-02 08:50:53
India,Kozhikode,Vellayil,Vellayil,112,Week 09-2023,2023-03-02,2023-03-02 08:50:53
India,Kozhikode,Kuttichira,Kuttichira,87,Week 09-2023,2023-03-02,2023-03-02 08:50:53
India,Kozhikode,Ummalathoor,Ummalathoor,70,Week 09-2023,2023-03-02,2023-03-02 08:50:53
India,Kozhikode,Malaparamba,Malaparamba,56,Week 09-2023,2023-03-02,2023-03-02 08:50:53
India,Kozhikode,Bilathikkulam,Bilathikkulam,44,Week 09-2023,2023-03-02,2023-03-02 08:50:53
India,Kozhikode,Puthiyangadi,Puthiyangadi,11,Week 09-2023,2023-03-02,2023-03-02 08:50:53
India,Kozhikode,Arrakinar,Arrakinar,10,Week 09-2023,2023-03-02,2023-03-02 08:50:53
India,Kozhikode,Thiruvannur,Thiruvannur,10,Week 09-2023,2023-03-02,2023-03-02 08:50:53
India,Kozhikode,Moozhikkal,Moozhikkal,9,Week 09-2023,2023-03-02,2023-03-02 08:50:53
India,Madurai,Kk Nagar,Kk Nagar,223,Week 09-2023,2023-03-02,2023-03-02 08:50:53
India,Madurai,Periyar,Periyar,171,Week 09-2023,2023-03-02,2023-03-02 08:50:53
India,Madurai,Ss Colony,Ss Colony,129,Week 09-2023,2023-03-02,2023-03-02 08:50:53
India,Madurai,Viswanathapuram,Viswanathapuram,122,Week 09-2023,2023-03-02,2023-03-02 08:50:53
India,Madurai,Sathamangalam,Sathamangalam,101,Week 09-2023,2023-03-02,2023-03-02 08:50:53
India,Madurai,Iyer Bungalow,Iyer Bungalow,85,Week 09-2023,2023-03-02,2023-03-02 08:50:53
India,Madurai,Arrapalayam,Arrapalayam,74,Week 09-2023,2023-03-02,2023-03-02 08:50:53
India,Madurai,Othakadai,Othakadai,42,Week 09-2023,2023-03-02,2023-03-02 08:50:53
India,Madurai,Koodal Nagar,Koodal Nagar,41,Week 09-2023,2023-03-02,2023-03-02 08:50:53
India,Madurai,Villapuram,Villapuram,38,Week 09-2023,2023-03-02,2023-03-02 08:50:53
India,Madurai,Bethaniyapuram,Bethaniyapuram,38,Week 09-2023,2023-03-02,2023-03-02 08:50:53
India,Madurai,Pasumalai,Pasumalai,38,Week 09-2023,2023-03-02,2023-03-02 08:50:53
India,Madurai,Pandian Nagar,Pandian Nagar,34,Week 09-2023,2023-03-02,2023-03-02 08:50:53
India,Madurai,Balarengapuram,Balarengapuram,32,Week 09-2023,2023-03-02,2023-03-02 08:50:53
India,Madurai,Doak Nagar,Doak Nagar,26,Week 09-2023,2023-03-02,2023-03-02 08:50:53
India,Madurai,Kamarajar Salai,Kamarajar Salai,25,Week 09-2023,2023-03-02,2023-03-02 08:50:53
India,Madurai,Southern Railway Colony,Southern Railway Colony,23,Week 09-2023,2023-03-02,2023-03-02 08:50:53
India,Madurai,Vandiyur,Vandiyur,23,Week 09-2023,2023-03-02,2023-03-02 08:50:53
India,Madurai,Avaniyapuram,Avaniyapuram,12,Week 09-2023,2023-03-02,2023-03-02 08:50:53
India,Madurai,Keerathurai,Keerathurai,7,Week 09-2023,2023-03-02,2023-03-02 08:50:53
India,Rajkot,Kotecha Nagar,Kotecha Nagar,198,Week 09-2023,2023-03-02,2023-03-02 08:50:53
India,Rajkot,150 Feet Ring Road,150 Feet Ring Road,158,Week 09-2023,2023-03-02,2023-03-02 08:50:53
India,Rajkot,Dr Yagnik Road,Dr Yagnik Road,104,Week 09-2023,2023-03-02,2023-03-02 08:50:53
India,Rajkot,Nana Mava,Nana Mava,89,Week 09-2023,2023-03-02,2023-03-02 08:50:53
India,Rajkot,Race Course,Race Course,89,Week 09-2023,2023-03-02,2023-03-02 08:50:53
India,Rajkot,Kalawad Road,Kalawad Road,83,Week 09-2023,2023-03-02,2023-03-02 08:50:53
India,Rajkot,Mavdi,Mavdi,74,Week 09-2023,2023-03-02,2023-03-02 08:50:53
India,Rajkot,Bhakti Nagar,Bhakti Nagar,50,Week 09-2023,2023-03-02,2023-03-02 08:50:53
India,Rajkot,Arya Nagar,Arya Nagar,45,Week 09-2023,2023-03-02,2023-03-02 08:50:53
India,Rajkot,Mota Mava,Mota Mava,35,Week 09-2023,2023-03-02,2023-03-02 08:50:53
India,Rajkot,Sardar Nagar,Sardar Nagar,31,Week 09-2023,2023-03-02,2023-03-02 08:50:53
India,Rajkot,Junction Plot,Junction Plot,27,Week 09-2023,2023-03-02,2023-03-02 08:50:53
India,Rajkot,Soni Bazaar,Soni Bazaar,22,Week 09-2023,2023-03-02,2023-03-02 08:50:53
India,Rajkot,Kothi Compound,Kothi Compound,19,Week 09-2023,2023-03-02,2023-03-02 08:50:53
India,Rajkot,Popat Para,Popat Para,14,Week 09-2023,2023-03-02,2023-03-02 08:50:53
India,Rajkot,Jangleshwar,Jangleshwar,13,Week 09-2023,2023-03-02,2023-03-02 08:50:53
India,Rajkot,Manharpur,Manharpur,11,Week 09-2023,2023-03-02,2023-03-02 08:50:53
India,Rajkot,Bedi,Bedi,9,Week 09-2023,2023-03-02,2023-03-02 08:50:53
India,Rajkot,Samrat Industrial Area,Samrat Industrial Area,8,Week 09-2023,2023-03-02,2023-03-02 08:50:53
India,Rajkot,Vavdi,Vavdi,8,Week 09-2023,2023-03-02,2023-03-02 08:50:53
India,Rajkot,Bhagwatipara,Bhagwatipara,8,Week 09-2023,2023-03-02,2023-03-02 08:50:53
India,Rajkot,Kotharia,Kotharia,7,Week 09-2023,2023-03-02,2023-03-02 08:50:53
India,Pushkar,Choti Basti,Choti Basti,84,Week 09-2023,2023-03-02,2023-03-02 08:50:53
India,Pushkar,Badi Basti,Badi Basti,58,Week 09-2023,2023-03-02,2023-03-02 08:50:53
India,Pushkar,Ganahera,Ganahera,24,Week 09-2023,2023-03-02,2023-03-02 08:50:53
India,Leh,Main Bazaar,Main Bazaar,60,Week 09-2023,2023-03-02,2023-03-02 08:50:53
India,Leh,Skara Road,Skara Road,5,Week 09-2023,2023-03-02,2023-03-02 08:50:53
India,Haridwar,Bhel Township,Bhel Township,139,Week 09-2023,2023-03-02,2023-03-02 08:50:53
India,Haridwar,Jwalapur,Jwalapur,130,Week 09-2023,2023-03-02,2023-03-02 08:50:53
India,Haridwar,Har Ki Pauri,Har Ki Pauri,119,Week 09-2023,2023-03-02,2023-03-02 08:50:53
India,Haridwar,Ranipur,Ranipur,105,Week 09-2023,2023-03-02,2023-03-02 08:50:53
India,Haridwar,Devpura,Devpura,82,Week 09-2023,2023-03-02,2023-03-02 08:50:53
India,Haridwar,Kankhal,Kankhal,72,Week 09-2023,2023-03-02,2023-03-02 08:50:53
India,Haridwar,Salempur Mahdood,Salempur Mahdood,17,Week 09-2023,2023-03-02,2023-03-02 08:50:53
India,Trivandrum,Palayam,Palayam,155,Week 09-2023,2023-03-02,2023-03-02 08:50:53
India,Trivandrum,Kulathoor,Kulathoor,129,Week 09-2023,2023-03-02,2023-03-02 08:50:53
India,Trivandrum,Ambalamukku,Ambalamukku,86,Week 09-2023,2023-03-02,2023-03-02 08:50:53
India,Trivandrum,Kumarapuram,Kumarapuram,76,Week 09-2023,2023-03-02,2023-03-02 08:50:53
India,Trivandrum,Kannanthura,Kannanthura,69,Week 09-2023,2023-03-02,2023-03-02 08:50:53
India,Trivandrum,Thycaud,Thycaud,61,Week 09-2023,2023-03-02,2023-03-02 08:50:53
India,Trivandrum,Kazhakkoottam,Kazhakkoottam,51,Week 09-2023,2023-03-02,2023-03-02 08:50:53
India,Trivandrum,Sasthamangalam,Sasthamangalam,50,Week 09-2023,2023-03-02,2023-03-02 08:50:53
India,Trivandrum,Kesavadasapuram,Kesavadasapuram,49,Week 09-2023,2023-03-02,2023-03-02 08:50:53
India,Trivandrum,Poojapura,Poojapura,44,Week 09-2023,2023-03-02,2023-03-02 08:50:53
India,Trivandrum,Karamana,Karamana,36,Week 09-2023,2023-03-02,2023-03-02 08:50:53
India,Trivandrum,Kovalam,Kovalam,34,Week 09-2023,2023-03-02,2023-03-02 08:50:53
India,Trivandrum,Vazhuthacaud,Vazhuthacaud,31,Week 09-2023,2023-03-02,2023-03-02 08:50:53
India,Trivandrum,Nedumungad,Nedumungad,29,Week 09-2023,2023-03-02,2023-03-02 08:50:53
India,Trivandrum,Ulloor,Ulloor,27,Week 09-2023,2023-03-02,2023-03-02 08:50:53
India,Trivandrum,Sreekariyam,Sreekariyam,24,Week 09-2023,2023-03-02,2023-03-02 08:50:53
India,Trivandrum,Neyattinkara,Neyattinkara,23,Week 09-2023,2023-03-02,2023-03-02 08:50:53
India,Trivandrum,Balaramapuram,Balaramapuram,21,Week 09-2023,2023-03-02,2023-03-02 08:50:53
India,Trivandrum,Nemom,Nemom,21,Week 09-2023,2023-03-02,2023-03-02 08:50:53
India,Trivandrum,Nettayam,Nettayam,20,Week 09-2023,2023-03-02,2023-03-02 08:50:53
